kode_kecamatan,kode_provinsi,kode_kabupaten,nama_kecamatan
"01","11","01","Bakongan"
"02","11","01","Kluet Utara"
"03","11","01","Kluet Selatan"
"04","11","01","Labuhanhaji"
"05","11","01","Meukek"
"06","11","01","Samadua"
"07","11","01","Sawang"
"08","11","01","Tapaktuan"
"09","11","01","Trumon"
"10","11","01","Pasie Raja"
"11","11","01","Labuhanhaji Timur"
"12","11","01","Labuhanhaji Barat"
"13","11","01","Kluet Tengah"
"14","11","01","Kluet Timur"
"15","11","01","Bakongan Timur"
"16","11","01","Trumon Timur"
"17","11","01","Kota Bahagia"
"18","11","01","Trumon Tengah"
"01","11","02","Lawe Alas"
"02","11","02","Lawe Sigala-Gala"
"03","11","02","Bambel"
"04","11","02","Babussalam"
"05","11","02","Badar"
"06","11","02","Babul Makmur"
"07","11","02","Darul Hasanah"
"08","11","02","Lawe Bulan"
"09","11","02","Bukit Tusam"
"10","11","02","Semadam"
"11","11","02","Babul Rahmah"
"12","11","02","Ketambe"
"13","11","02","Deleng Pokhkisen"
"14","11","02","Lawe Sumur"
"15","11","02","Tanoh Alas"
"16","11","02","Leuser"
"01","11","03","Darul Aman"
"02","11","03","Julok"
"03","11","03","Idi Rayeuk"
"04","11","03","Birem Bayeun"
"05","11","03","Serbajadi"
"06","11","03","Nurussalam"
"07","11","03","Peureulak"
"08","11","03","Rantau Selamat"
"09","11","03","Simpang Ulim"
"10","11","03","Ranto Peureulak"
"11","11","03","Pante Bidari"
"12","11","03","Madat"
"13","11","03","Indra Makmu"
"14","11","03","Idi Tunong"
"15","11","03","Banda Alam"
"16","11","03","Peudawa"
"17","11","03","Peureulak Timur"
"18","11","03","Peureulak Barat"
"19","11","03","Sungai Raya"
"20","11","03","Simpang Jernih"
"21","11","03","Darul Ihsan"
"22","11","03","Darul Falah"
"23","11","03","Idi Timur"
"24","11","03","Peunaron"
"01","11","04","Linge"
"02","11","04","Silih Nara"
"03","11","04","Bebesen"
"07","11","04","Pegasing"
"08","11","04","Bintang"
"10","11","04","Ketol"
"11","11","04","Kebayakan"
"12","11","04","Kute Panang"
"13","11","04","Celala"
"17","11","04","Laut Tawar"
"18","11","04","Atu Lintang"
"19","11","04","Jagong Jeget"
"20","11","04","Bies"
"21","11","04","Rusip Antara"
"01","11","05","Johan Pahlawan"
"02","11","05","Kaway XVI"
"03","11","05","Sungai Mas"
"04","11","05","Woyla"
"05","11","05","Samatiga"
"06","11","05","Bubon"
"07","11","05","Arongan Lambalek"
"08","11","05","Pante Ceureumen"
"09","11","05","Meureubo"
"10","11","05","Woyla Barat"
"11","11","05","Woyla Timur"
"12","11","05","Panton Reu"
"01","11","06","Lhoong"
"02","11","06","Lhoknga"
"03","11","06","Indrapuri"
"04","11","06","Seulimeum"
"05","11","06","Montasik"
"06","11","06","Sukamakmur"
"07","11","06","Darul Imarah"
"08","11","06","Peukan Bada"
"09","11","06","Mesjid Raya"
"10","11","06","Ingin Jaya"
"11","11","06","Kuta Baro"
"12","11","06","Darussalam"
"13","11","06","Pulo Aceh"
"14","11","06","Lembah Seulawah"
"15","11","06","Kota Jantho"
"16","11","06","Kuta Cot Glie"
"17","11","06","Kuta Malaka"
"18","11","06","Simpang Tiga"
"19","11","06","Darul Kamal"
"20","11","06","Baitussalam"
"21","11","06","Krueng Barona Jaya"
"22","11","06","Leupung"
"23","11","06","Blang Bintang"
"03","11","07","Batee"
"04","11","07","Delima"
"05","11","07","Geumpang"
"06","11","07","Glumpang Tiga"
"07","11","07","Indrajaya"
"08","11","07","Kembang Tanjong"
"09","11","07","Kota Sigli"
"11","11","07","Mila"
"12","11","07","Muara Tiga"
"13","11","07","Mutiara"
"14","11","07","Padang Tiji"
"15","11","07","Peukan Baro"
"16","11","07","Pidie"
"17","11","07","Sakti"
"18","11","07","Simpang Tiga"
"19","11","07","Tangse"
"21","11","07","Tiro/Truseb"
"22","11","07","Keumala"
"24","11","07","Mutiara Timur"
"25","11","07","Grong-grong"
"27","11","07","Mane"
"29","11","07","Glumpang Baro"
"31","11","07","Titeue"
"01","11","08","Baktiya"
"02","11","08","Dewantara"
"03","11","08","Kuta Makmur"
"04","11","08","Lhoksukon"
"05","11","08","Matangkuli"
"06","11","08","Muara Batu"
"07","11","08","Meurah Mulia"
"08","11","08","Samudera"
"09","11","08","Seunuddon"
"10","11","08","Syamtalira Aron"
"11","11","08","Syamtalira Bayu"
"12","11","08","Tanah Luas"
"13","11","08","Tanah Pasir"
"14","11","08","Tanah Jambo Aye"
"15","11","08","Sawang"
"16","11","08","Nisam"
"17","11","08","Cot Girek"
"18","11","08","Langkahan"
"19","11","08","Baktiya Barat"
"20","11","08","Paya Bakong"
"21","11","08","Nibong"
"22","11","08","Simpang Keuramat"
"23","11","08","Lapang"
"24","11","08","Pirak Timu"
"25","11","08","Geureudong Pase"
"26","11","08","Banda Baro"
"27","11","08","Nisam Antara"
"01","11","09","Simeulue Tengah"
"02","11","09","Salang"
"03","11","09","Teupah Barat"
"04","11","09","Simeulue Timur"
"05","11","09","Teluk Dalam"
"06","11","09","Simeulue Barat"
"07","11","09","Teupah Selatan"
"08","11","09","Alafan"
"09","11","09","Teupah Tengah"
"10","11","09","Simeulue Cut"
"01","11","10","Pulau Banyak"
"02","11","10","Simpang Kanan"
"04","11","10","Singkil"
"06","11","10","Gunung Meriah"
"09","11","10","Kota Baharu"
"10","11","10","Singkil Utara"
"11","11","10","Danau Paris"
"12","11","10","Suro Makmur"
"13","11","10","Singkohor"
"14","11","10","Kuala Baru"
"16","11","10","Pulau Banyak Barat"
"01","11","11","Samalanga"
"02","11","11","Jeunieb"
"03","11","11","Peudada"
"04","11","11","Jeumpa"
"05","11","11","Peusangan"
"06","11","11","Makmur"
"07","11","11","Gandapura"
"08","11","11","Pandrah"
"09","11","11","Juli"
"10","11","11","Jangka"
"11","11","11","Simpang Mamplam"
"12","11","11","Peulimbang"
"13","11","11","Kota Juang"
"14","11","11","Kuala"
"15","11","11","Peusangan Siblah Krueng"
"16","11","11","Peusangan Selatan"
"17","11","11","Kuta Blang"
"01","11","12","Blangpidie"
"02","11","12","Tangan-Tangan"
"03","11","12","Manggeng"
"04","11","12","Susoh"
"05","11","12","Kuala Batee"
"06","11","12","Babah Rot"
"07","11","12","Setia"
"08","11","12","Jeumpa"
"09","11","12","Lembah Sabil"
"01","11","13","Blangkejeren"
"02","11","13","Kutapanjang"
"03","11","13","Rikit Gaib"
"04","11","13","Terangun"
"05","11","13","Pining"
"06","11","13","Blangpegayon"
"07","11","13","Puteri Betung"
"08","11","13","Dabun Gelang"
"09","11","13","Blangjerango"
"10","11","13","Teripe Jaya"
"11","11","13","Pantan Cuaca"
"01","11","14","Teunom"
"02","11","14","Krueng Sabee"
"03","11","14","Setia Bakti"
"04","11","14","Sampoi Niet"
"05","11","14","Jaya"
"06","11","14","Panga"
"07","11","14","Indra Jaya"
"08","11","14","Darul Hikmah"
"09","11","14","Pasie Raya"
"01","11","15","Kuala"
"02","11","15","Seunagan"
"03","11","15","Seunagan Timur"
"04","11","15","Beutong"
"05","11","15","Darul Makmur"
"06","11","15","Suka Makmue"
"07","11","15","Kuala Pesisir"
"08","11","15","Tadu Raya"
"09","11","15","Tripa Makmur"
"10","11","15","Beutong Ateuh Banggalang"
"01","11","16","Manyak Payed"
"02","11","16","Bendahara"
"03","11","16","Karang Baru"
"04","11","16","Seruway"
"05","11","16","Kota Kualasinpang"
"06","11","16","Kejuruan Muda"
"07","11","16","Tamiang Hulu"
"08","11","16","Rantau"
"09","11","16","Banda Mulia"
"10","11","16","Bandar Pusaka"
"11","11","16","Tenggulun"
"12","11","16","Sekerak"
"01","11","17","Pintu Rime Gayo"
"02","11","17","Permata"
"03","11","17","Syiah Utama"
"04","11","17","Bandar"
"05","11","17","Bukit"
"06","11","17","Wih Pesam"
"07","11","17","Timang gajah"
"08","11","17","Bener Kelipah"
"09","11","17","Mesidah"
"10","11","17","Gajah Putih"
"01","11","18","Meureudu"
"02","11","18","Ulim"
"03","11","18","Jangka Buya"
"04","11","18","Bandar Dua"
"05","11","18","Meurah Dua"
"06","11","18","Bandar Baru"
"07","11","18","Panteraja"
"08","11","18","Trienggadeng"
"01","11","71","Baiturrahman"
"02","11","71","Kuta Alam"
"03","11","71","Meuraxa"
"04","11","71","Syiah Kuala"
"05","11","71","Lueng Bata"
"06","11","71","Kuta Raja"
"07","11","71","Banda Raya"
"08","11","71","Jaya Baru"
"09","11","71","Ulee Kareng"
"01","11","72","Sukakarya"
"02","11","72","Sukajaya"
"03","11","72","Sukamakmue"
"01","11","73","Muara Dua"
"02","11","73","Banda Sakti"
"03","11","73","Blang Mangat"
"04","11","73","Muara Satu"
"01","11","74","Langsa Timur"
"02","11","74","Langsa Barat"
"03","11","74","Langsa Kota"
"04","11","74","Langsa Lama"
"05","11","74","Langsa Baro"
"01","11","75","Simpang Kiri"
"02","11","75","Penanggalan"
"03","11","75","Rundeng"
"04","11","75","Sultan Daulat"
"05","11","75","Longkib"
"01","12","01","Barus"
"02","12","01","Sorkam"
"03","12","01","Pandan"
"04","12","01","Pinangsori"
"05","12","01","Manduamas"
"06","12","01","Kolang"
"07","12","01","Tapian Nauli"
"08","12","01","Sibabangun"
"09","12","01","Sosorgadong"
"10","12","01","Sorkam Barat"
"11","12","01","Sirandorung"
"12","12","01","Andam Dewi"
"13","12","01","Sitahuis"
"14","12","01","Tukka"
"15","12","01","Badiri"
"16","12","01","Pasaribu Tobing"
"17","12","01","Barus Utara"
"18","12","01","Suka Bangun"
"19","12","01","Lumut"
"20","12","01","Sarudik"
"01","12","02","Tarutung"
"02","12","02","Siatas Barita"
"03","12","02","Adiankoting"
"04","12","02","Sipoholon"
"05","12","02","Pahae Julu"
"06","12","02","Pahae Jae"
"07","12","02","Simangumban"
"08","12","02","Purbatua"
"09","12","02","Siborongborong"
"10","12","02","Pagaran"
"11","12","02","Parmonangan"
"12","12","02","Sipahutar"
"13","12","02","Pangaribuan"
"14","12","02","Garoga"
"15","12","02","Muara"
"01","12","03","Angkola Barat"
"02","12","03","Batang Toru"
"03","12","03","Angkola Timur"
"04","12","03","Sipirok"
"05","12","03","Saipar Dolok Hole"
"06","12","03","Angkola Selatan"
"07","12","03","Batang Angkola"
"14","12","03","Arse"
"20","12","03","Marancar"
"21","12","03","Sayur Matinggi"
"22","12","03","Aek Bilah"
"29","12","03","Muara Batang Toru"
"30","12","03","Tano Tombangan Angkola"
"31","12","03","Angkola Sangkunur"
"32","12","03","Angkola Muara Tais"
"05","12","04","Hiliduho"
"06","12","04","Gido"
"10","12","04","Idanogawo"
"11","12","04","Bawolato"
"20","12","04","Hiliserangkai"
"21","12","04","Botomuzoi"
"27","12","04","Ulugawo"
"28","12","04","Ma'u"
"29","12","04","Somolo-molo"
"35","12","04","Sogae'adu"
"01","12","05","Bahorok"
"02","12","05","Salapian"
"03","12","05","Kuala"
"04","12","05","Sei Bingai"
"05","12","05","Binjai"
"06","12","05","Selesai"
"07","12","05","Stabat"
"08","12","05","Wampu"
"09","12","05","Secanggang"
"10","12","05","Hinai"
"11","12","05","Tanjung Pura"
"12","12","05","Padang Tualang"
"13","12","05","Gebang"
"14","12","05","Babalan"
"15","12","05","Pangkalan Susu"
"16","12","05","Besitang"
"17","12","05","Sei Lepan"
"18","12","05","Berandan Barat"
"19","12","05","Batang Serangan"
"20","12","05","Sawit Seberang"
"21","12","05","Sirapit"
"22","12","05","Kutambaru"
"23","12","05","Pematang Jaya"
"01","12","06","Kabanjahe"
"02","12","06","Berastagi"
"03","12","06","Barusjahe"
"04","12","06","Tigapanah"
"05","12","06","Merek"
"06","12","06","Munte"
"07","12","06","Juhar"
"08","12","06","Tigabinanga"
"09","12","06","Laubaleng"
"10","12","06","Mardingding"
"11","12","06","Payung"
"12","12","06","Simpang Empat"
"13","12","06","Kutabuluh"
"14","12","06","Dolat Rayat"
"15","12","06","Merdeka"
"16","12","06","Naman Teran"
"17","12","06","Tiganderket"
"01","12","07","Gunung Meriah"
"02","12","07","Tanjung Morawa"
"03","12","07","Sibolangit"
"04","12","07","Kutalimbaru"
"05","12","07","Pancur Batu"
"06","12","07","Namo Rambe"
"07","12","07","Biru-Biru"
"08","12","07","Sinembah Tanjung Muda Hilir"
"09","12","07","Bangun Purba"
"19","12","07","Galang"
"20","12","07","Sinembah Tanjung Muda Hulu"
"21","12","07","Patumbak"
"22","12","07","Deli Tua"
"23","12","07","Sunggal"
"24","12","07","Hamparan Perak"
"25","12","07","Labuhan Deli"
"26","12","07","Percut Sei Tuan"
"27","12","07","Batang Kuis"
"28","12","07","Lubuk Pakam"
"31","12","07","Pagar Merbau"
"32","12","07","Pantai Labu"
"33","12","07","Beringin"
"01","12","08","Siantar"
"02","12","08","Gunung Malela"
"03","12","08","Gunung Maligas"
"04","12","08","Panei"
"05","12","08","Panombeian Panei"
"06","12","08","Jorlang Hataran"
"07","12","08","Raya Kahean"
"08","12","08","Bosar Maligas"
"09","12","08","Sidamanik"
"10","12","08","Pamatang Sidamanik"
"11","12","08","Tanah Jawa"
"12","12","08","Hatonduhan"
"13","12","08","Dolok Panribuan"
"14","12","08","Purba"
"15","12","08","Haranggaol Horisan"
"16","12","08","Girsang Sipangan Bolon"
"17","12","08","Dolok Batu Nanggar"
"18","12","08","Hutabayu Raja"
"19","12","08","Jawa Maraja Bah Jambi"
"20","12","08","Dolok Pardamean"
"21","12","08","Pematang Bandar"
"22","12","08","Bandar Huluan"
"23","12","08","Bandar"
"24","12","08","Bandar Masilam"
"25","12","08","Silimakuta"
"26","12","08","Dolok Silao"
"27","12","08","Silou Kahean"
"28","12","08","Tapian Dolok"
"29","12","08","Raya"
"30","12","08","Ujung Padang"
"31","12","08","Pamatang Silima Huta"
"32","12","08","Dolog Masagal"
"08","12","09","Meranti"
"09","12","09","Air Joman"
"10","12","09","Tanjung Balai"
"11","12","09","Sei Kepayang"
"12","12","09","Simpang Empat"
"13","12","09","Air Batu"
"14","12","09","Pulau Rakyat"
"15","12","09","Bandar Pulau"
"16","12","09","Buntu Pane"
"17","12","09","Bandar Pasir Mandoge"
"18","12","09","Aek Kuasan"
"19","12","09","Kota Kisaran Barat"
"20","12","09","Kota Kisaran Timur"
"21","12","09","Aek Songsongan"
"22","12","09","Rahuning"
"23","12","09","Sei Dadap"
"24","12","09","Sei Kepayang Barat"
"25","12","09","Sei Kepayang Timur"
"26","12","09","Tinggi Raja"
"27","12","09","Setia Janji"
"28","12","09","Silau Laut"
"29","12","09","Rawang Panca Arga"
"30","12","09","Pulo Bandring"
"31","12","09","Teluk Dalam"
"32","12","09","Aek Ledong"
"01","12","10","Rantau Utara"
"02","12","10","Rantau Selatan"
"07","12","10","Bilah Barat"
"08","12","10","Bilah Hilir"
"09","12","10","Bilah Hulu"
"14","12","10","Pangkatan"
"18","12","10","Panai Tengah"
"19","12","10","Panai Hilir"
"20","12","10","Panai Hulu"
"01","12","11","Sidikalang"
"02","12","11","Sumbul"
"03","12","11","Tigalingga"
"04","12","11","Siempat Nempu"
"05","12","11","Silima Pungga Pungga"
"06","12","11","Tanah Pinem"
"07","12","11","Siempat Nempu Hulu"
"08","12","11","Siempat Nempu Hilir"
"09","12","11","Pegagan Hilir"
"10","12","11","Parbuluan"
"11","12","11","Lae Parira"
"12","12","11","Gunung Sitember"
"13","12","11","Berampu"
"14","12","11","Silahisabungan"
"15","12","11","Sitinjo"
"01","12","12","Balige"
"02","12","12","Laguboti"
"03","12","12","Silaen"
"04","12","12","Habinsaran"
"05","12","12","Pintu Pohan Meranti"
"06","12","12","Borbor"
"07","12","12","Porsea"
"08","12","12","Ajibata"
"09","12","12","Lumban Julu"
"10","12","12","Uluan"
"19","12","12","Sigumpar"
"20","12","12","Siantar Narumonda"
"21","12","12","Nassau"
"22","12","12","Tampahan"
"23","12","12","Bonatua Lunasi"
"24","12","12","Parmaksian"
"01","12","13","Panyabungan"
"02","12","13","Panyabungan Utara"
"03","12","13","Panyabungan Timur"
"04","12","13","Panyabungan Selatan"
"05","12","13","Panyabungan Barat"
"06","12","13","Siabu"
"07","12","13","Bukit Malintang"
"08","12","13","Kotanopan"
"09","12","13","Lembah Sorik Marapi"
"10","12","13","Tambangan"
"11","12","13","Ulu Pungkut"
"12","12","13","Muara Sipongi"
"13","12","13","Batang Natal"
"14","12","13","Lingga Bayu"
"15","12","13","Batahan"
"16","12","13","Natal"
"17","12","13","Muara Batang Gadis"
"18","12","13","Ranto Baek"
"19","12","13","Huta Bargot"
"20","12","13","Puncak Sorik Marapi"
"21","12","13","Pakantan"
"22","12","13","Sinunukan"
"23","12","13","Naga Juang"
"01","12","14","Lolomatua"
"02","12","14","Gomo"
"03","12","14","Lahusa"
"04","12","14","Hibala"
"05","12","14","Pulau-Pulau Batu"
"06","12","14","Teluk Dalam"
"07","12","14","Amandraya"
"08","12","14","Lolowau"
"09","12","14","Susua"
"10","12","14","Maniamolo"
"11","12","14","Hilimegai"
"12","12","14","Toma"
"13","12","14","Mazino"
"14","12","14","Umbunasi"
"15","12","14","Aramo"
"16","12","14","Pulau-Pulau Batu Timur"
"17","12","14","Mazo"
"18","12","14","Fanayama"
"19","12","14","Ulunoyo"
"20","12","14","Huruna"
"21","12","14","O'o'u"
"22","12","14","Onohazumba"
"23","12","14","Hilisalawa'ahe"
"24","12","14","Ulususua"
"25","12","14","Sidua'ori"
"26","12","14","Somambawa"
"27","12","14","Boronadu"
"28","12","14","Simuk"
"29","12","14","Pulau-Pulau Batu Barat"
"30","12","14","Pulau-Pulau Batu Utara"
"31","12","14","Tanah Masa"
"32","12","14","Luahagundre Maniamolo"
"33","12","14","Onolalu"
"34","12","14","Ulu Idanotae"
"35","12","14","Idanotae"
"01","12","15","Sitelu Tali Urang Jehe"
"02","12","15","Kerajaan"
"03","12","15","Salak"
"04","12","15","Sitelu Tali Urang Julu"
"05","12","15","Pergetteng Getteng Sengkut"
"06","12","15","Pagindar"
"07","12","15","Tinada"
"08","12","15","Siempat Rube"
"01","12","16","Parlilitan"
"02","12","16","Pollung"
"03","12","16","Baktiraja"
"04","12","16","Paranginan"
"05","12","16","Lintong Nihuta"
"06","12","16","Dolok Sanggul"
"07","12","16","Sijamapolang"
"08","12","16","Onan Ganjang"
"09","12","16","Pakkat"
"10","12","16","Tarabintang"
"01","12","17","Simanindo"
"02","12","17","Onan Runggu"
"03","12","17","Nainggolan"
"04","12","17","Palipi"
"05","12","17","Harian"
"06","12","17","Sianjar Mula Mula"
"07","12","17","Ronggur Nihuta"
"08","12","17","Pangururan"
"09","12","17","Sitio-tio"
"01","12","18","Pantai Cermin"
"02","12","18","Perbaungan"
"03","12","18","Teluk Mengkudu"
"04","12","18","Sei Rampah"
"05","12","18","Tanjung Beringin"
"06","12","18","Bandar Khalipah"
"07","12","18","Dolok Merawan"
"08","12","18","Sipispis"
"09","12","18","Dolok Masihul"
"10","12","18","Kotarih"
"11","12","18","Silinda"
"12","12","18","Serba Jadi"
"13","12","18","Tebing Tinggi"
"14","12","18","Pegajahan"
"15","12","18","Sei Bamban"
"16","12","18","Tebing Syahbandar"
"17","12","18","Bintang Bayu"
"01","12","19","Medang Deras"
"02","12","19","Sei Suka"
"03","12","19","Air Putih"
"04","12","19","Lima Puluh"
"05","12","19","Talawi"
"06","12","19","Tanjung Tiram"
"07","12","19","Sei Balai"
"08","12","19","Laut Tador"
"09","12","19","Lima Puluh Pesisir"
"10","12","19","Datuk Lima Puluh"
"11","12","19","Datuk Tanah Datar"
"12","12","19","Nibung Hangus"
"01","12","20","Dolok Sigompulon"
"02","12","20","Dolok"
"03","12","20","Halongonan"
"04","12","20","Padang Bolak"
"05","12","20","Padang Bolak Julu"
"06","12","20","Portibi"
"07","12","20","Batang Onang"
"08","12","20","Simangambat"
"09","12","20","Hulu Sihapas"
"10","12","20","Padang Bolak Tenggara"
"11","12","20","Halongonan Timur"
"12","12","20","Ujung Batu"
"01","12","21","Sosopan"
"02","12","21","Barumun Tengah"
"03","12","21","Huristak"
"04","12","21","Lubuk Barumun"
"05","12","21","Hutaraja Tinggi"
"06","12","21","Ulu Barumun"
"07","12","21","Barumun"
"08","12","21","Sosa"
"09","12","21","Batang Lubu Sutam"
"10","12","21","Barumun Selatan"
"11","12","21","Aek Nabara Barumun"
"12","12","21","Sihapas Barumun"
"13","12","21","Barumun Baru"
"14","12","21","Ulu Sosa"
"15","12","21","Sosa Julu"
"16","12","21","Barumun Barat"
"17","12","21","Sosa Timur"
"01","12","22","Kotapinang"
"02","12","22","Kampung Rakyat"
"03","12","22","Torgamba"
"04","12","22","Sungai Kanan"
"05","12","22","Silangkitang"
"01","12","23","Kualuh Hulu"
"02","12","23","Kualuh Leidong"
"03","12","23","Kualuh Hilir"
"04","12","23","Aek Kuo"
"05","12","23","Marbau"
"06","12","23","Na IX-X"
"07","12","23","Aek Natas"
"08","12","23","Kualuh Selatan"
"01","12","24","Lotu"
"02","12","24","Sawo"
"03","12","24","Tuhemberua"
"04","12","24","Sitolu Ori"
"05","12","24","Namohalu Esiwa"
"06","12","24","Alasa Talumuzoi"
"07","12","24","Alasa"
"08","12","24","Tugala Oyo"
"09","12","24","Afulu"
"10","12","24","Lahewa"
"11","12","24","Lahewa Timur"
"01","12","25","Lahomi"
"02","12","25","Sirombu"
"03","12","25","Mandrehe Barat"
"04","12","25","Moro'o"
"05","12","25","Mandrehe"
"06","12","25","Mandrehe Utara"
"07","12","25","Lolofitu Moi"
"08","12","25","Ulu Moro'o"
"01","12","71","Medan Kota"
"02","12","71","Medan Sunggal"
"03","12","71","Medan Helvetia"
"04","12","71","Medan Denai"
"05","12","71","Medan Barat"
"06","12","71","Medan Deli"
"07","12","71","Medan Tuntungan"
"08","12","71","Medan Belawan"
"09","12","71","Medan Amplas"
"10","12","71","Medan Area"
"11","12","71","Medan Johor"
"12","12","71","Medan Marelan"
"13","12","71","Medan Labuhan"
"14","12","71","Medan Tembung"
"15","12","71","Medan Maimun"
"16","12","71","Medan Polonia"
"17","12","71","Medan Baru"
"18","12","71","Medan Perjuangan"
"19","12","71","Medan Petisah"
"20","12","71","Medan Timur"
"21","12","71","Medan Selayang"
"01","12","72","Siantar Timur"
"02","12","72","Siantar Barat"
"03","12","72","Siantar Utara"
"04","12","72","Siantar Selatan"
"05","12","72","Siantar Marihat"
"06","12","72","Siantar Martoba"
"07","12","72","Siantar Sitalasari"
"08","12","72","Siantar Marimbun"
"01","12","73","Sibolga Utara"
"02","12","73","Sibolga Kota"
"03","12","73","Sibolga Selatan"
"04","12","73","Sibolga Sambas"
"01","12","74","Tanjungbalai Selatan"
"02","12","74","Tanjungbalai Utara"
"03","12","74","Sei Tualang Raso"
"04","12","74","Teluk Nibung"
"05","12","74","Datuk Bandar"
"06","12","74","Datuk Bandar Timur"
"01","12","75","Binjai Utara"
"02","12","75","Binjai Kota"
"03","12","75","Binjai Barat"
"04","12","75","Binjai Timur"
"05","12","75","Binjai Selatan"
"01","12","76","Padang Hulu"
"02","12","76","Rambutan"
"03","12","76","Padang Hilir"
"04","12","76","Bajenis"
"05","12","76","Tebing Tinggi Kota"
"01","12","77","Padangsidimpuan Utara"
"02","12","77","Padangsidimpuan Selatan"
"03","12","77","Padangsidimpuan Batunadua"
"04","12","77","Padangsidimpuan Hutaimbaru"
"05","12","77","Padangsidimpuan Tenggara"
"06","12","77","Padangsidimpuan Angkola Julu"
"01","12","78","Gunungsitoli"
"02","12","78","Gunungsitoli Selatan"
"03","12","78","Gunungsitoli Utara"
"04","12","78","Gunungsitoli Idanoi"
"05","12","78","Gunungsitoli Alo'oa"
"06","12","78","Gunungsitoli Barat"
"01","13","01","Pancung Soal"
"02","13","01","Ranah Pesisir"
"03","13","01","Lengayang"
"04","13","01","Batang Kapas"
"05","13","01","IV Jurai"
"06","13","01","Bayang"
"07","13","01","Koto XI Tarusan"
"08","13","01","Sutera"
"09","13","01","Linggo Sari Baganti"
"10","13","01","Lunang"
"11","13","01","Basa Ampek Balai Tapan"
"12","13","01","IV Nagari Bayang Utara"
"13","13","01","Airpura"
"14","13","01","Ranah Ampek Hulu Tapan"
"15","13","01","Silaut"
"03","13","02","Pantai Cermin"
"04","13","02","Lembah Gumanti"
"05","13","02","Payung Sekaki"
"06","13","02","Lembang Jaya"
"07","13","02","Gunung Talang"
"08","13","02","Bukit Sundi"
"09","13","02","IX Koto Sungai Lasi"
"10","13","02","Kubung"
"11","13","02","X Koto Singkarak"
"12","13","02","X Koto Diatas"
"13","13","02","Junjung Sirih"
"17","13","02","Hiliran Gumanti"
"18","13","02","Tigo Lurah"
"19","13","02","Danau Kembar"
"03","13","03","Tanjung Gadang"
"04","13","03","Sijunjung"
"05","13","03","IV Nagari"
"06","13","03","Kamang Baru"
"07","13","03","Lubuk Tarok"
"08","13","03","Koto VII"
"09","13","03","Sumpur Kudus"
"10","13","03","Kupitan"
"01","13","04","X Koto"
"02","13","04","Batipuh"
"03","13","04","Rambatan"
"04","13","04","Lima Kaum"
"05","13","04","Tanjung Emas"
"06","13","04","Lintau Buo"
"07","13","04","Sungayang"
"08","13","04","Sungai Tarab"
"09","13","04","Pariangan"
"10","13","04","Salimpaung"
"11","13","04","Padang Ganting"
"12","13","04","Tanjuang Baru"
"13","13","04","Lintau Buo Utara"
"14","13","04","Batipuah Selatan"
"01","13","05","Lubuak Aluang"
"02","13","05","Batang Anai"
"03","13","05","Nan Sabaris"
"04","13","05","2 x 11 Anam Lingkuang"
"05","13","05","VII Koto"
"06","13","05","V Koto"
"07","13","05","Sungai Garinggiang"
"08","13","05","Sungai Limau"
"09","13","05","IV Koto Aua Malintang"
"10","13","05","Ulakan Tapakih"
"11","13","05","Sintuak Toboh Gadang"
"12","13","05","VII Koto Padang Sago"
"13","13","05","Batang Gasan"
"14","13","05","V Koto Timur"
"15","13","05","2 x 11 Kayu Tanam"
"16","13","05","Koto Patamuan"
"17","13","05","Anam Lingkuang"
"01","13","06","Tanjung Mutiara"
"02","13","06","Lubuk Basung"
"03","13","06","Tanjung Raya"
"04","13","06","Matur"
"05","13","06","IV Koto"
"06","13","06","Banuhampu"
"07","13","06","Ampek Angkek"
"08","13","06","Baso"
"09","13","06","Tilatang Kamang"
"10","13","06","Palupuh"
"11","13","06","Palembayan"
"12","13","06","Sungai Pua"
"13","13","06","Ampek Nagari"
"14","13","06","Candung"
"15","13","06","Kamang Magek"
"16","13","06","Malalak"
"01","13","07","Suliki"
"02","13","07","Guguak"
"03","13","07","Payakumbuh"
"04","13","07","Luak"
"05","13","07","Harau"
"06","13","07","Pangkalan Koto Baru"
"07","13","07","Kapur IX"
"08","13","07","Gunuang Omeh"
"09","13","07","Lareh Sago Halaban"
"10","13","07","Situjuah Limo Nagari"
"11","13","07","Mungka"
"12","13","07","Bukik Barisan"
"13","13","07","Akabiluru"
"04","13","08","Bonjol"
"05","13","08","Lubuk Sikaping"
"07","13","08","Panti"
"08","13","08","Mapat Tunggul"
"12","13","08","Duo Koto"
"13","13","08","Tigo Nagari"
"14","13","08","Rao"
"15","13","08","Mapat Tunggul Selatan"
"16","13","08","Simpang Alahan Mati"
"17","13","08","Padang Gelugur"
"18","13","08","Rao Utara"
"19","13","08","Rao Selatan"
"01","13","09","Pagai Utara"
"02","13","09","Sipora Selatan"
"03","13","09","Siberut Selatan"
"04","13","09","Siberut Utara"
"05","13","09","Siberut Barat"
"06","13","09","Siberut Barat Daya"
"07","13","09","Siberut Tengah"
"08","13","09","Sipora Utara"
"09","13","09","Sikakap"
"10","13","09","Pagai Selatan"
"01","13","10","Koto Baru"
"02","13","10","Pulau Punjung"
"03","13","10","Sungai Rumbai"
"04","13","10","Sitiung"
"05","13","10","Sembilan Koto"
"06","13","10","Timpeh"
"07","13","10","Koto Salak"
"08","13","10","Tiumang"
"09","13","10","Padang Laweh"
"10","13","10","Asam Jujuhan"
"11","13","10","Koto Besar"
"01","13","11","Sangir"
"02","13","11","Sungai Pagu"
"03","13","11","Koto Parik Gadang Diateh"
"04","13","11","Sangir Jujuan"
"05","13","11","Sangir Batang Hari"
"06","13","11","Pauh Duo"
"07","13","11","Sangir Balai Janggo"
"01","13","12","Sungai Beremas"
"02","13","12","Lembah Melintang"
"03","13","12","Pasaman"
"04","13","12","Talamau"
"05","13","12","Kinali"
"06","13","12","Gunung Tuleh"
"07","13","12","Ranah Batahan"
"08","13","12","Koto Balingka"
"09","13","12","Sungai Aur"
"10","13","12","Luhak Nan Duo"
"11","13","12","Sasak Ranah Pasisie"
"01","13","71","Padang Selatan"
"02","13","71","Padang Timur"
"03","13","71","Padang Barat"
"04","13","71","Padang Utara"
"05","13","71","Bungus Teluk Kabung"
"06","13","71","Lubuk Begalung"
"07","13","71","Lubuk Kilangan"
"08","13","71","Pauh"
"09","13","71","Kuranji"
"10","13","71","Nanggalo"
"11","13","71","Koto Tangah"
"01","13","72","Lubuk Sikarah"
"02","13","72","Tanjung Harapan"
"01","13","73","Lembah Segar"
"02","13","73","Barangin"
"03","13","73","Silungkang"
"04","13","73","Talawi"
"01","13","74","Padang Panjang Timur"
"02","13","74","Padang Panjang Barat"
"01","13","75","Guguak Panjang"
"02","13","75","Mandiangin Koto Selayan"
"03","13","75","Aur Birugo Tigo Baleh"
"01","13","76","Payakumbuh Barat"
"02","13","76","Payakumbuh Utara"
"03","13","76","Payakumbuh Timur"
"04","13","76","Lamposi Tigo Nagori"
"05","13","76","Payakumbuh Selatan"
"01","13","77","Pariaman Tengah"
"02","13","77","Pariaman Utara"
"03","13","77","Pariaman Selatan"
"04","13","77","Pariaman Timur"
"01","14","01","Bangkinang Kota"
"02","14","01","Kampar"
"03","14","01","Tambang"
"04","14","01","XIII Koto Kampar"
"05","14","01","Kuok"
"06","14","01","Siak Hulu"
"07","14","01","Kampar Kiri"
"08","14","01","Kampar Kiri Hilir"
"09","14","01","Kampar Kiri Hulu"
"10","14","01","Tapung"
"11","14","01","Tapung Hilir"
"12","14","01","Tapung Hulu"
"13","14","01","Salo"
"14","14","01","Rumbio Jaya"
"15","14","01","Bangkinang"
"16","14","01","Perhentian Raja"
"17","14","01","Kampa"
"18","14","01","Kampar Utara"
"19","14","01","Kampar Kiri Tengah"
"20","14","01","Gunung Sahilan"
"21","14","01","Koto Kampar Hulu"
"01","14","02","Rengat"
"02","14","02","Rengat Barat"
"03","14","02","Kelayang"
"04","14","02","Pasir Penyu"
"05","14","02","Peranap"
"06","14","02","Seberida"
"07","14","02","Batang Cenaku"
"08","14","02","Batang Gansal"
"09","14","02","Lirik"
"10","14","02","Kuala Cenaku"
"11","14","02","Sungai Lala"
"12","14","02","Lubuk Batu Jaya"
"13","14","02","Rakit Kulim"
"14","14","02","Batang Peranap"
"01","14","03","Bengkalis"
"02","14","03","Bantan"
"03","14","03","Bukit Batu"
"09","14","03","Mandau"
"10","14","03","Rupat"
"11","14","03","Rupat Utara"
"12","14","03","Siak Kecil"
"13","14","03","Pinggir"
"14","14","03","Bandar Laksamana"
"15","14","03","Talang Muandau"
"16","14","03","Bathin Solapan"
"01","14","04","Reteh"
"02","14","04","Enok"
"03","14","04","Kuala Indragiri"
"04","14","04","Tembilahan"
"05","14","04","Tempuling"
"06","14","04","Gaung Anak Serka"
"07","14","04","Mandah"
"08","14","04","Kateman"
"09","14","04","Keritang"
"10","14","04","Tanah Merah"
"11","14","04","Batang Tuaka"
"12","14","04","Gaung"
"13","14","04","Tembilahan Hulu"
"14","14","04","Kemuning"
"15","14","04","Pelangiran"
"16","14","04","Teluk Belengkong"
"17","14","04","Pulau Burung"
"18","14","04","Concong"
"19","14","04","Kempas"
"20","14","04","Sungai Batang"
"01","14","05","Ukui"
"02","14","05","Pangkalan Kerinci"
"03","14","05","Pangkalan Kuras"
"04","14","05","Pangkalan Lesung"
"05","14","05","Langgam"
"06","14","05","Pelalawan"
"07","14","05","Kerumutan"
"08","14","05","Bunut"
"09","14","05","Teluk Meranti"
"10","14","05","Kuala Kampar"
"11","14","05","Bandar Sei Kijang"
"12","14","05","Bandar Petalangan"
"01","14","06","Ujung Batu"
"02","14","06","Rokan IV Koto"
"03","14","06","Rambah"
"04","14","06","Tambusai"
"05","14","06","Kepenuhan"
"06","14","06","Kunto Darussalam"
"07","14","06","Rambah Samo"
"08","14","06","Rambah Hilir"
"09","14","06","Tambusai Utara"
"10","14","06","Bangun Purba"
"11","14","06","Tandun"
"12","14","06","Kabun"
"13","14","06","Bonai Darussalam"
"14","14","06","Pagaran Tapah Darussalam"
"15","14","06","Kepenuhan Hulu"
"16","14","06","Pendalian IV Koto"
"01","14","07","Kubu"
"02","14","07","Bangko"
"03","14","07","Tanah Putih"
"04","14","07","Rimba Melintang"
"05","14","07","Bagansinembah"
"06","14","07","Pasir Limau Kapas"
"07","14","07","Sinaboi"
"08","14","07","Pujud"
"09","14","07","Tanah Putih Tanjung Melawan"
"10","14","07","Bangko Pusako"
"11","14","07","Simpang Kanan"
"12","14","07","Batu Hampar"
"13","14","07","Rantau Kopar"
"14","14","07","Pekaitan"
"15","14","07","Kubu Babussalam"
"16","14","07","Tanjung Medan"
"17","14","07","Bagan Sinembah Raya"
"18","14","07","Balai Jaya"
"01","14","08","Siak"
"02","14","08","Sungai Apit"
"03","14","08","Minas"
"04","14","08","Tualang"
"05","14","08","Sungai Mandau"
"06","14","08","Dayun"
"07","14","08","Kerinci Kanan"
"08","14","08","Bunga Raya"
"09","14","08","Koto Gasib"
"10","14","08","Kandis"
"11","14","08","Lubuk Dalam"
"12","14","08","Sabak Auh"
"13","14","08","Mempura"
"14","14","08","Pusako"
"01","14","09","Kuantan Mudik"
"02","14","09","Kuantan Tengah"
"03","14","09","Singingi"
"04","14","09","Kuantan Hilir"
"05","14","09","Cerenti"
"06","14","09","Benai"
"07","14","09","Gunungtoar"
"08","14","09","Singingi Hilir"
"09","14","09","Pangean"
"10","14","09","Logas Tanah Darat"
"11","14","09","Inuman"
"12","14","09","Hulu Kuantan"
"13","14","09","Kuantan Hilir Seberang"
"14","14","09","Sentajo Raya"
"15","14","09","Pucuk Rantau"
"01","14","10","Tebing Tinggi"
"02","14","10","Rangsang Barat"
"03","14","10","Rangsang"
"04","14","10","Tebing Tinggi Barat"
"05","14","10","Merbau"
"06","14","10","Pulaumerbau"
"07","14","10","Tebing Tinggi Timur"
"08","14","10","Tasik Putri Puyu"
"09","14","10","Rangsang Pesisir"
"01","14","71","Sukajadi"
"02","14","71","Pekanbaru Kota"
"03","14","71","Sail"
"04","14","71","Limapuluh"
"05","14","71","Senapelan"
"06","14","71","Rumbai Barat"
"07","14","71","Bukit Raya"
"08","14","71","Binawidya"
"09","14","71","Marpoyan Damai"
"10","14","71","Tenayan Raya"
"11","14","71","Payung Sekaki"
"12","14","71","Rumbai"
"13","14","71","Tuahmadani"
"14","14","71","Kulim"
"15","14","71","Rumbai Timur"
"01","14","72","Dumai Barat"
"02","14","72","Dumai Timur"
"03","14","72","Bukit Kapur"
"04","14","72","Sungai Sembilan"
"05","14","72","Medang Kampai"
"06","14","72","Dumai Kota"
"07","14","72","Dumai Selatan"
"01","15","01","Gunung Raya"
"02","15","01","Danau Kerinci"
"04","15","01","Sitinjau Laut"
"05","15","01","Air Hangat"
"06","15","01","Gunung Kerinci"
"07","15","01","Batang Merangin"
"08","15","01","Keliling Danau"
"09","15","01","Kayu Aro"
"11","15","01","Air Hangat Timur"
"15","15","01","Gunung Tujuh"
"16","15","01","Siulak"
"17","15","01","Depati Tujuh"
"18","15","01","Siulak Mukai"
"19","15","01","Kayu Aro Barat"
"20","15","01","Bukit Kerman"
"21","15","01","Air Hangat Barat"
"22","15","01","Tanah Cogok"
"23","15","01","Danau Kerinci Barat"
"01","15","02","Jangkat"
"02","15","02","Bangko"
"03","15","02","Muara Siau"
"04","15","02","Sungai Manau"
"05","15","02","Tabir"
"06","15","02","Pamenang"
"07","15","02","Tabir Ulu"
"08","15","02","Tabir Selatan"
"09","15","02","Lembah Masurai"
"10","15","02","Bangko Barat"
"11","15","02","Nalo Tantan"
"12","15","02","Batang Masumai"
"13","15","02","Pamenang Barat"
"14","15","02","Tabir Ilir"
"15","15","02","Tabir Timur"
"16","15","02","Renah Pembarap"
"17","15","02","Pangkalan Jambu"
"18","15","02","Jangkat Timur"
"19","15","02","Renah Pamenang"
"20","15","02","Pamenang Selatan"
"21","15","02","Margo Tabir"
"22","15","02","Tabir Lintas"
"23","15","02","Tabir Barat"
"24","15","02","Tiang Pumpung"
"01","15","03","Batang Asai"
"02","15","03","Limun"
"03","15","03","Sarolangun"
"04","15","03","Pauh"
"05","15","03","Pelawan"
"06","15","03","Mandiangin"
"07","15","03","Air Hitam"
"08","15","03","Bathin VIII"
"09","15","03","Singkut"
"10","15","03","Cermin Nan Gedang"
"11","15","03","Mandiangin Timur"
"01","15","04","Mersam"
"02","15","04","Muara Tembesi"
"03","15","04","Muara Bulian"
"04","15","04","Batin XXIV"
"05","15","04","Pemayung"
"06","15","04","Maro Sebo Ulu"
"07","15","04","Bajubang"
"08","15","04","Maro Sebo Ilir"
"01","15","05","Jambi Luar Kota"
"02","15","05","Sekernan"
"03","15","05","Kumpeh"
"04","15","05","Maro Sebo"
"05","15","05","Mestong"
"06","15","05","Kumpeh Ulu"
"07","15","05","Sungai Bahar"
"08","15","05","Sungai Gelam"
"09","15","05","Bahar Utara"
"10","15","05","Bahar Selatan"
"11","15","05","Taman Rajo"
"01","15","06","Tungkal Ulu"
"02","15","06","Tungkal Ilir"
"03","15","06","Pengabuan"
"04","15","06","Betara"
"05","15","06","Merlung"
"06","15","06","Tebing Tinggi"
"07","15","06","Batang Asam"
"08","15","06","Renah Mendaluh"
"09","15","06","Muara Papalik"
"10","15","06","Seberang Kota"
"11","15","06","Bram Itam"
"12","15","06","Kuala Betara"
"13","15","06","Senyerang"
"01","15","07","Muara Sabak Timur"
"02","15","07","Nipah Panjang"
"03","15","07","Mendahara"
"04","15","07","Rantau Rasau"
"05","15","07","Sadu"
"06","15","07","Dendang"
"07","15","07","Muara Sabak Barat"
"08","15","07","Kuala Jambi"
"09","15","07","Mendahara Ulu"
"10","15","07","Geragai"
"11","15","07","Berbak"
"01","15","08","Tanah Tumbuh"
"02","15","08","Rantau Pandan"
"03","15","08","Pasar Muaro Bungo"
"04","15","08","Jujuhan"
"05","15","08","Tanah Sepenggal"
"06","15","08","Pelepat"
"07","15","08","Limbur Lubuk Mengkuang"
"08","15","08","Muko-muko Bathin VII"
"09","15","08","Pelepat Ilir"
"10","15","08","Batin II Babeko"
"11","15","08","Bathin III"
"12","15","08","Bungo Dani"
"13","15","08","Rimbo Tengah"
"14","15","08","Bathin III Ulu"
"15","15","08","Bathin II Pelayang"
"16","15","08","Jujuhan Ilir"
"17","15","08","Tanah Sepenggal Lintas"
"01","15","09","Tebo Tengah"
"02","15","09","Tebo Ilir"
"03","15","09","Tebo Ulu"
"04","15","09","Rimbo Bujang"
"05","15","09","Sumay"
"06","15","09","VII Koto"
"07","15","09","Rimbo Ulu"
"08","15","09","Rimbo Ilir"
"09","15","09","Tengah Ilir"
"10","15","09","Serai Serumpun"
"11","15","09","VII Koto Ilir"
"12","15","09","Muara Tabir"
"01","15","71","Telanaipura"
"02","15","71","Jambi Selatan"
"03","15","71","Jambi Timur"
"04","15","71","Pasar Jambi"
"05","15","71","Pelayangan"
"06","15","71","Danau Teluk"
"07","15","71","Kota Baru"
"08","15","71","Jelutung"
"09","15","71","Alam Barajo"
"10","15","71","Danau Sipin"
"11","15","71","Paal Merah"
"01","15","72","Sungai Penuh"
"02","15","72","Pesisir Bukit"
"03","15","72","Hamparan Rawang"
"04","15","72","Tanah Kampung"
"05","15","72","Kumun Debai"
"06","15","72","Pondok Tinggi"
"07","15","72","Koto Baru"
"08","15","72","Sungai Bungkal"
"07","16","01","Sosoh Buay Rayap"
"08","16","01","Pengandonan"
"09","16","01","Peninjauan"
"13","16","01","Baturaja Barat"
"14","16","01","Baturaja Timur"
"20","16","01","Ulu Ogan"
"21","16","01","Semidang Aji"
"22","16","01","Lubuk Batang"
"28","16","01","Lengkiti"
"29","16","01","Sinar Peninjauan"
"30","16","01","Lubuk Raja"
"31","16","01","Muara Jaya"
"32","16","01","Kedaton Peninjauan Raya"
"02","16","02","Tanjung Lubuk"
"03","16","02","Pedamaran"
"04","16","02","Mesuji"
"05","16","02","Kayu Agung"
"08","16","02","Sirah Pulau Padang"
"11","16","02","Tulung Selapan"
"12","16","02","Pampangan"
"13","16","02","Lempuing"
"14","16","02","Air Sugihan"
"15","16","02","Sungai Menang"
"17","16","02","Jejawi"
"18","16","02","Cengal"
"19","16","02","Pangkalan Lampam"
"20","16","02","Mesuji Makmur"
"21","16","02","Mesuji Raya"
"22","16","02","Lempuing Jaya"
"23","16","02","Teluk Gelam"
"24","16","02","Pedamaran Timur"
"01","16","03","Tanjung Agung"
"02","16","03","Muara Enim"
"03","16","03","Rambang Niru"
"04","16","03","Gunung Megang"
"06","16","03","Gelumbang"
"07","16","03","Lawang Kidul"
"08","16","03","Semende Darat Laut"
"09","16","03","Semende Darat Tengah"
"10","16","03","Semende Darat Ulu"
"11","16","03","Ujan Mas"
"14","16","03","Lubai"
"15","16","03","Rambang"
"16","16","03","Sungai Rotan"
"17","16","03","Lembak"
"19","16","03","Benakat"
"21","16","03","Kelekar"
"22","16","03","Muara Belida"
"23","16","03","Belimbing"
"24","16","03","Belida Darat"
"25","16","03","Lubai Ulu"
"26","16","03","Empat Petulai Dangku"
"27","16","03","Panang Enim"
"01","16","04","Tanjungsakti Pumu"
"06","16","04","Jarai"
"07","16","04","Kota Agung"
"08","16","04","Pulau Pinang"
"09","16","04","Merapi Barat"
"10","16","04","Lahat"
"12","16","04","Pajar Bulan"
"15","16","04","Mulak Ulu"
"16","16","04","Kikim Selatan"
"17","16","04","Kikim Timur"
"18","16","04","Kikim Tengah"
"19","16","04","Kikim Barat"
"20","16","04","Pseksu"
"21","16","04","Gumay Talang"
"22","16","04","Pagar Gunung"
"23","16","04","Merapi Timur"
"24","16","04","Tanjung Sakti Pumi"
"25","16","04","Gumay Ulu"
"26","16","04","Merapi Selatan"
"27","16","04","Tanjungtebat"
"28","16","04","Muarapayang"
"29","16","04","Sukamerindu"
"30","16","04","Mulak Sebingkai"
"31","16","04","Lahat Selatan"
"01","16","05","Tugumulyo"
"02","16","05","Muara Lakitan"
"03","16","05","Muara Kelingi"
"08","16","05","Jayaloka"
"09","16","05","Muara Beliti"
"10","16","05","STL Ulu Terawas"
"11","16","05","Selangit"
"12","16","05","Megang Sakti"
"13","16","05","Purwodadi"
"14","16","05","BTS. Ulu"
"18","16","05","Tiang Pumpung Kepungut"
"19","16","05","Sumber Harta"
"20","16","05","Tuah Negeri"
"21","16","05","Suka Karya"
"01","16","06","Sekayu"
"02","16","06","Lais"
"03","16","06","Sungai Keruh"
"04","16","06","Batang Hari Leko"
"05","16","06","Sanga Desa"
"06","16","06","Babat Toman"
"07","16","06","Sungai Lilin"
"08","16","06","Keluang"
"09","16","06","Bayung Lencir"
"10","16","06","Plakat Tinggi"
"11","16","06","Lalan"
"12","16","06","Tungkal Jaya"
"13","16","06","Lawan Wetan"
"14","16","06","Babat Supat"
"15","16","06","Jirak Jaya"
"01","16","07","Banyuasin I"
"02","16","07","Banyuasin II"
"03","16","07","Banyuasin III"
"04","16","07","Pulau Rimau"
"05","16","07","Betung"
"06","16","07","Rambutan"
"07","16","07","Muara Padang"
"08","16","07","Muara Telang"
"09","16","07","Makarti Jaya"
"10","16","07","Talang Kelapa"
"11","16","07","Rantau Bayur"
"12","16","07","Tanjung Lago"
"13","16","07","Muara Sugihan"
"14","16","07","Air Salek"
"15","16","07","Tungkal Ilir"
"16","16","07","Suak Tapeh"
"17","16","07","Sembawa"
"18","16","07","Sumber Marga Telang"
"19","16","07","Air Kumbang"
"20","16","07","Karang Agung Ilir"
"21","16","07","Selat Penuguan"
"01","16","08","Martapura"
"02","16","08","Buay Madang"
"03","16","08","Belitang"
"04","16","08","Cempaka"
"05","16","08","Buay Pemuka Peliung"
"06","16","08","Madang Suku II"
"07","16","08","Madang Suku I"
"08","16","08","Semendawai Suku III"
"09","16","08","Belitang II"
"10","16","08","Belitang III"
"11","16","08","Bunga Mayang"
"12","16","08","Buay Madang Timur"
"13","16","08","Madang Suku III"
"14","16","08","Semendawai Barat"
"15","16","08","Semendawai Timur"
"16","16","08","Jayapura"
"17","16","08","Belitang Jaya"
"18","16","08","Belitang Madang Raya"
"19","16","08","Belitang Mulya"
"20","16","08","Buay Pemuka Bangsa Raja"
"01","16","09","Muara Dua"
"02","16","09","Pulau Beringin"
"03","16","09","Banding Agung"
"04","16","09","Muara Dua Kisam"
"05","16","09","Simpang"
"06","16","09","Buay Sandang Aji"
"07","16","09","Buay Runjung"
"08","16","09","Mekakau Ilir"
"09","16","09","Buay Pemaca"
"10","16","09","Kisam Tinggi"
"11","16","09","Kisam Ilir"
"12","16","09","Buay Pematang Ribu Ranau Tengah"
"13","16","09","Warkuk Ranau Selatan"
"14","16","09","Runjung Agung"
"15","16","09","Sungai Are"
"16","16","09","Sindang Danau"
"17","16","09","Buana Pemaca"
"18","16","09","Tiga Dihaji"
"19","16","09","Buay Rawan"
"01","16","10","Muara Kuang"
"02","16","10","Tanjung Batu"
"03","16","10","Tanjung Raja"
"04","16","10","Indralaya"
"05","16","10","Pemulutan"
"06","16","10","Rantau Alai"
"07","16","10","Indralaya Utara"
"08","16","10","Indralaya Selatan"
"09","16","10","Pemulutan Selatan"
"10","16","10","Pemulutan Barat"
"11","16","10","Rantau Panjang"
"12","16","10","Sungai Pinang"
"13","16","10","Kandis"
"14","16","10","Rambang Kuang"
"15","16","10","Lubuk Keliat"
"16","16","10","Payaraman"
"01","16","11","Muara Pinang"
"02","16","11","Pendopo"
"03","16","11","Ulu Musi"
"04","16","11","Tebing Tinggi"
"05","16","11","Lintang Kanan"
"06","16","11","Talang Padang"
"07","16","11","Pasemah Air Keruh"
"08","16","11","Sikap Dalam"
"09","16","11","Saling"
"10","16","11","Pendopo Barat"
"01","16","12","Talang Ubi"
"02","16","12","Penukal Utara"
"03","16","12","Penukal"
"04","16","12","Abab"
"05","16","12","Tanah Abang"
"01","16","13","Rupit"
"02","16","13","Rawas Ulu"
"03","16","13","Nibung"
"04","16","13","Rawas Ilir"
"05","16","13","Karang Dapo"
"06","16","13","Karang Jaya"
"07","16","13","Ulu Rawas"
"01","16","71","Ilir Barat Dua"
"02","16","71","Seberang Ulu Satu"
"03","16","71","Seberang Ulu Dua"
"04","16","71","Ilir Barat Satu"
"05","16","71","Ilir Timur Satu"
"06","16","71","Ilir Timur Dua"
"07","16","71","Sukarami"
"08","16","71","Sako"
"09","16","71","Kemuning"
"10","16","71","Kalidoni"
"11","16","71","Bukitkecil"
"12","16","71","Gandus"
"13","16","71","Kertapati"
"14","16","71","Plaju"
"15","16","71","Alang-alang Lebar"
"16","16","71","Sematangborang"
"17","16","71","Jakabaring"
"18","16","71","Ilir Timur Tiga"
"01","16","72","Pagar Alam Utara"
"02","16","72","Pagar Alam Selatan"
"03","16","72","Dempo Utara"
"04","16","72","Dempo Selatan"
"05","16","72","Dempo Tengah"
"01","16","73","Lubuk Linggau Timur I"
"02","16","73","Lubuk Linggau Barat I"
"03","16","73","Lubuk Linggau Selatan I"
"04","16","73","Lubuk Linggau Utara I"
"05","16","73","Lubuk Linggau Timur II"
"06","16","73","Lubuk Linggau Barat II"
"07","16","73","Lubuk Linggau Selatan II"
"08","16","73","Lubuk Linggau Utara II"
"01","16","74","Prabumulih Barat"
"02","16","74","Prabumulih Timur"
"03","16","74","Cambai"
"04","16","74","Rambang Kapak Tengah"
"05","16","74","Prabumulih Utara"
"06","16","74","Prabumulih Selatan"
"01","17","01","Kedurang"
"02","17","01","Seginim"
"03","17","01","Pino"
"04","17","01","Manna"
"05","17","01","Kota Manna"
"06","17","01","Pino Raya"
"07","17","01","Kedurang Ilir"
"08","17","01","Air Nipis"
"09","17","01","Ulu Manna"
"10","17","01","Bunga Mas"
"11","17","01","Pasar Manna"
"06","17","02","Kota Padang"
"07","17","02","Padang Ulak Tanding"
"08","17","02","Sindang Kelingi"
"09","17","02","Curup"
"10","17","02","Bermani Ulu"
"11","17","02","Selupu Rejang"
"16","17","02","Curup Utara"
"17","17","02","Curup Timur"
"18","17","02","Curup Selatan"
"19","17","02","Curup Tengah"
"20","17","02","Binduriang"
"21","17","02","Sindang Beliti Ulu"
"22","17","02","Sindang Dataran"
"23","17","02","Sindang Beliti Ilir"
"24","17","02","Bermani Ulu Raya"
"01","17","03","Enggano"
"06","17","03","Kerkap"
"07","17","03","Kota Arga Makmur"
"08","17","03","Giri Mulya"
"09","17","03","Padang Jaya"
"10","17","03","Lais"
"11","17","03","Batik Nau"
"12","17","03","Ketahun"
"13","17","03","Napal Putih"
"14","17","03","Putri Hijau"
"15","17","03","Air Besi"
"16","17","03","Air Napal"
"19","17","03","Hulu Palik"
"20","17","03","Air Padang"
"21","17","03","Arma Jaya"
"22","17","03","Tanjung Agung Palik"
"23","17","03","Ulok Kupai"
"24","17","03","Pinang Raya"
"25","17","03","Marga Sakti Sebelat"
"01","17","04","Kinal"
"02","17","04","Tanjung Kemuning"
"03","17","04","Kaur Utara"
"04","17","04","Kaur Tengah"
"05","17","04","Kaur Selatan"
"06","17","04","Maje"
"07","17","04","Nasal"
"08","17","04","Semidang Gumay"
"09","17","04","Kelam Tengah"
"10","17","04","Luas"
"11","17","04","Muara Sahung"
"12","17","04","Tetap"
"13","17","04","Lungkang Kule"
"14","17","04","Padang Guci Hilir"
"15","17","04","Padang Guci Hulu"
"01","17","05","Sukaraja"
"02","17","05","Seluma"
"03","17","05","Talo"
"04","17","05","Semidang Alas"
"05","17","05","Semidang Alas Maras"
"06","17","05","Air Periukan"
"07","17","05","Lubuk Sandi"
"08","17","05","Seluma Barat"
"09","17","05","Seluma Timur"
"10","17","05","Seluma Utara"
"11","17","05","Seluma Selatan"
"12","17","05","Talo Kecil"
"13","17","05","Ulu Talo"
"14","17","05","Ilir Talo"
"01","17","06","Lubuk Pinang"
"02","17","06","Kota Mukomuko"
"03","17","06","Teras Terunjam"
"04","17","06","Pondok Suguh"
"05","17","06","Ipuh"
"06","17","06","Malin Deman"
"07","17","06","Air Rami"
"08","17","06","Teramang Jaya"
"09","17","06","Selagan Raya"
"10","17","06","Penarik"
"11","17","06","XIV Koto"
"12","17","06","V Koto"
"13","17","06","Air Manjunto"
"14","17","06","Air Dikit"
"15","17","06","Sungai Rumbai"
"01","17","07","Lebong Utara"
"02","17","07","Lebong Atas"
"03","17","07","Lebong Tengah"
"04","17","07","Lebong Selatan"
"05","17","07","Rimbo Pengadang"
"06","17","07","Topos"
"07","17","07","Bingin Kuning"
"08","17","07","Lebong Sakti"
"09","17","07","Tubei"
"10","17","07","Amen"
"11","17","07","Uram Jaya"
"12","17","07","Pinang Belapis"
"01","17","08","Bermani Ilir"
"02","17","08","Ujan Mas"
"03","17","08","Tebat Karai"
"04","17","08","Kepahiang"
"05","17","08","Merigi"
"06","17","08","Kebawetan"
"07","17","08","Seberang Musi"
"08","17","08","Muara Kemumu"
"01","17","09","Karang Tinggi"
"02","17","09","Talang Empat"
"03","17","09","Pondok Kelapa"
"04","17","09","Pematang Tiga"
"05","17","09","Pagar Jati"
"06","17","09","Taba Penanjung"
"07","17","09","Merigi Kelindang"
"08","17","09","Merigi Sakti"
"09","17","09","Pondok Kubang"
"10","17","09","Bang Haji"
"11","17","09","Semidang Lagan"
"01","17","71","Selebar"
"02","17","71","Gading Cempaka"
"03","17","71","Teluk Segara"
"04","17","71","Muara Bangka Hulu"
"05","17","71","Kampung Melayu"
"06","17","71","Ratu Agung"
"07","17","71","Ratu Samban"
"08","17","71","Sungai Serut"
"09","17","71","Singaran Pati"
"04","18","01","Natar"
"05","18","01","Tanjung Bintang"
"06","18","01","Kalianda"
"07","18","01","Sidomulyo"
"08","18","01","Katibung"
"09","18","01","Penengahan"
"10","18","01","Palas"
"13","18","01","Jati Agung"
"14","18","01","Ketapang"
"15","18","01","Sragi"
"16","18","01","Raja Basa"
"17","18","01","Candipuro"
"18","18","01","Merbau Mataram"
"21","18","01","Bakauheni"
"22","18","01","Tanjung Sari"
"23","18","01","Way Sulan"
"24","18","01","Way Panji"
"01","18","02","Kalirejo"
"02","18","02","Bangun Rejo"
"03","18","02","Padang Ratu"
"04","18","02","Gunung Sugih"
"05","18","02","Trimurjo"
"06","18","02","Punggur"
"07","18","02","Terbanggi Besar"
"08","18","02","Seputih Raman"
"09","18","02","Rumbia"
"10","18","02","Seputih Banyak"
"11","18","02","Seputih Mataram"
"12","18","02","Seputih Surabaya"
"13","18","02","Terusan Nunyai"
"14","18","02","Bumi Ratu Nuban"
"15","18","02","Bekri"
"16","18","02","Seputih Agung"
"17","18","02","Way Pengubuan"
"18","18","02","Bandar Mataram"
"19","18","02","Pubian"
"20","18","02","Selagai Lingga"
"21","18","02","Anak Tuha"
"22","18","02","Sendang Agung"
"23","18","02","Kota Gajah"
"24","18","02","Bumi Nabung"
"25","18","02","Way Seputih"
"26","18","02","Bandar Surabaya"
"27","18","02","Anak Ratu Aji"
"28","18","02","Putra Rumbia"
"01","18","03","Bukit Kemuning"
"02","18","03","Kotabumi"
"03","18","03","Sungkai Selatan"
"04","18","03","Tanjung Raja"
"05","18","03","Abung Timur"
"06","18","03","Abung Barat"
"07","18","03","Abung Selatan"
"08","18","03","Sungkai Utara"
"09","18","03","Kotabumi Utara"
"10","18","03","Kotabumi Selatan"
"11","18","03","Abung Tengah"
"12","18","03","Abung Tinggi"
"13","18","03","Abung Semuli"
"14","18","03","Abung Surakarta"
"15","18","03","Muara Sungkai"
"16","18","03","Bunga Mayang"
"17","18","03","Hulu Sungkai"
"18","18","03","Sungkai Tengah"
"19","18","03","Abung Pekurun"
"20","18","03","Sungkai Jaya"
"21","18","03","Sungkai Barat"
"22","18","03","Abung Kunang"
"23","18","03","Blambangan Pagar"
"04","18","04","Balik Bukit"
"05","18","04","Sumber Jaya"
"06","18","04","Belalau"
"07","18","04","Way Tenong"
"08","18","04","Sekincau"
"09","18","04","Suoh"
"10","18","04","Batu Brak"
"11","18","04","Sukau"
"15","18","04","Gedung Surian"
"18","18","04","Kebun Tebu"
"19","18","04","Air Hitam"
"20","18","04","Pagar Dewa"
"21","18","04","Batu Ketulis"
"22","18","04","Lumbok Seminung"
"23","18","04","Bandar Negeri Suoh"
"02","18","05","Menggala"
"06","18","05","Gedung Aji"
"08","18","05","Banjar Agung"
"11","18","05","Gedung Meneng"
"12","18","05","Rawa Jitu Selatan"
"13","18","05","Penawar Tama"
"18","18","05","Rawa Jitu Timur"
"20","18","05","Banjar Margo"
"22","18","05","Rawa Pitu"
"23","18","05","Penawar Aji"
"25","18","05","Dente Teladas"
"26","18","05","Meraksa Aji"
"27","18","05","Gedung Aji Baru"
"29","18","05","Banjar Baru"
"30","18","05","Menggala Timur"
"01","18","06","Kota Agung"
"02","18","06","Talang Padang"
"03","18","06","Wonosobo"
"04","18","06","Pulau Panggung"
"09","18","06","Cukuh Balak"
"11","18","06","Pugung"
"12","18","06","Semaka"
"13","18","06","Sumberejo"
"15","18","06","Ulu Belu"
"16","18","06","Pematang Sawa"
"17","18","06","Kelumbayan"
"18","18","06","Kota Agung Barat"
"19","18","06","Kota Agung Timur"
"20","18","06","Gisting"
"21","18","06","Gunung Alip"
"24","18","06","Limau"
"25","18","06","Bandar Negeri Semuong"
"26","18","06","Air Naningan"
"27","18","06","Bulok"
"28","18","06","Kelumbayan Barat"
"01","18","07","Sukadana"
"02","18","07","Labuhan Maringgai"
"03","18","07","Jabung"
"04","18","07","Pekalongan"
"05","18","07","Sekampung"
"06","18","07","Batanghari"
"07","18","07","Way Jepara"
"08","18","07","Purbolinggo"
"09","18","07","Raman Utara"
"10","18","07","Metro Kibang"
"11","18","07","Marga Tiga"
"12","18","07","Sekampung Udik"
"13","18","07","Batanghari Nuban"
"14","18","07","Bumi Agung"
"15","18","07","Bandar Sribhawono"
"16","18","07","Mataram Baru"
"17","18","07","Melinting"
"18","18","07","Gunung Pelindung"
"19","18","07","Pasir Sakti"
"20","18","07","Waway Karya"
"21","18","07","Labuhan Ratu"
"22","18","07","Braja Selebah"
"23","18","07","Way Bungur"
"24","18","07","Marga Sekampung"
"01","18","08","Blambangan Umpu"
"02","18","08","Kasui"
"03","18","08","Banjit"
"04","18","08","Baradatu"
"05","18","08","Bahuga"
"06","18","08","Pakuan Ratu"
"07","18","08","Negeri Agung"
"08","18","08","Way Tuba"
"09","18","08","Rebang Tangkas"
"10","18","08","Gunung Labuhan"
"11","18","08","Negara Batin"
"12","18","08","Negeri Besar"
"13","18","08","Buay Bahuga"
"14","18","08","Bumi Agung"
"15","18","08","Umpu Semenguk"
"01","18","09","Gedong Tataan"
"02","18","09","Negeri Katon"
"03","18","09","Tegineneng"
"04","18","09","Way Lima"
"05","18","09","Padang Cermin"
"06","18","09","Punduh Pidada"
"07","18","09","Kedondong"
"08","18","09","Marga Punduh"
"09","18","09","Way Khilau"
"10","18","09","Teluk Pandan"
"11","18","09","Way Ratai"
"01","18","10","Pringsewu"
"02","18","10","Gading Rejo"
"03","18","10","Ambarawa"
"04","18","10","Pardasuka"
"05","18","10","Pagelaran"
"06","18","10","Banyumas"
"07","18","10","Adiluwih"
"08","18","10","Sukoharjo"
"09","18","10","Pagelaran Utara"
"01","18","11","Mesuji"
"02","18","11","Mesuji Timur"
"03","18","11","Rawa Jitu Utara"
"04","18","11","Way Serdang"
"05","18","11","Simpang Pematang"
"06","18","11","Panca Jaya"
"07","18","11","Tanjung Raya"
"01","18","12","Tulang Bawang Tengah"
"02","18","12","Tumijajar"
"03","18","12","Tulang Bawang Udik"
"04","18","12","Gunung Terang"
"05","18","12","Gunung Agung"
"06","18","12","Way Kenanga"
"07","18","12","Lambu Kibang"
"08","18","12","Pagar Dewa"
"09","18","12","Batu Putih"
"01","18","13","Pesisir Tengah"
"02","18","13","Pesisir Selatan"
"03","18","13","Lemong"
"04","18","13","Pesisir Utara"
"05","18","13","Karya Penggawa"
"06","18","13","Pulau Pisang"
"07","18","13","Way Krui"
"08","18","13","Krui Selatan"
"09","18","13","Ngambur"
"10","18","13","Ngaras"
"11","18","13","Bangkunat"
"01","18","71","Kedaton"
"02","18","71","Sukarame"
"03","18","71","Tanjungkarang Barat"
"04","18","71","Panjang"
"05","18","71","Tanjungkarang Timur"
"06","18","71","Tanjungkarang Pusat"
"07","18","71","Telukbetung Selatan"
"08","18","71","Telukbetung Barat"
"09","18","71","Telukbetung Utara"
"10","18","71","Rajabasa"
"11","18","71","Tanjung Senang"
"12","18","71","Sukabumi"
"13","18","71","Kemiling"
"14","18","71","Labuhan Ratu"
"15","18","71","Way Halim"
"16","18","71","Langkapura"
"17","18","71","Enggal"
"18","18","71","Kedamaian"
"19","18","71","Telukbetung Timur"
"20","18","71","Bumi Waras"
"01","18","72","Metro Pusat"
"02","18","72","Metro Utara"
"03","18","72","Metro Barat"
"04","18","72","Metro Timur"
"05","18","72","Metro Selatan"
"01","19","01","Sungailiat"
"02","19","01","Belinyu"
"03","19","01","Merawang"
"04","19","01","Mendo Barat"
"05","19","01","Pemali"
"06","19","01","Bakam"
"07","19","01","Riau Silip"
"08","19","01","Puding Besar"
"01","19","02","Tanjungpandan"
"02","19","02","Membalong"
"03","19","02","Selat Nasik"
"04","19","02","Sijuk"
"05","19","02","Badau"
"01","19","03","Toboali"
"02","19","03","Lepar"
"03","19","03","Airgegas"
"04","19","03","Simpang Rimba"
"05","19","03","Payung"
"06","19","03","Tukak Sadai"
"07","19","03","Pulau Besar"
"08","19","03","Kepulauan Pongok"
"01","19","04","Koba"
"02","19","04","Pangkalan Baru"
"03","19","04","Sungai Selan"
"04","19","04","Simpang Katis"
"05","19","04","Namang"
"06","19","04","Lubuk Besar"
"01","19","05","Mentok"
"02","19","05","Simpang Teritip"
"03","19","05","Jebus"
"04","19","05","Kelapa"
"05","19","05","Tempilang"
"06","19","05","Parittiga"
"01","19","06","Manggar"
"02","19","06","Gantung"
"03","19","06","Dendang"
"04","19","06","Kelapa Kampit"
"05","19","06","Damar"
"06","19","06","Simpang Renggiang"
"07","19","06","Simpang Pesak"
"01","19","71","Bukit Intan"
"02","19","71","Taman Sari"
"03","19","71","Pangkal Balam"
"04","19","71","Rangkui"
"05","19","71","Gerunggang"
"06","19","71","Gabek"
"07","19","71","Girimaya"
"04","21","01","Gunung Kijang"
"06","21","01","Bintan Timur"
"07","21","01","Bintan Utara"
"08","21","01","Teluk Bintan"
"09","21","01","Tambelan"
"10","21","01","Teluk Sebong"
"12","21","01","Toapaya"
"13","21","01","Mantang"
"14","21","01","Bintan Pesisir"
"15","21","01","Seri Kuala Lobam"
"01","21","02","Moro"
"02","21","02","Kundur"
"03","21","02","Karimun"
"04","21","02","Meral"
"05","21","02","Tebing"
"06","21","02","Buru"
"07","21","02","Kundur Utara"
"08","21","02","Kundur Barat"
"09","21","02","Durai"
"10","21","02","Meral Barat"
"11","21","02","Ungar"
"12","21","02","Belat"
"13","21","02","Selat Gelam"
"14","21","02","Sugie Besar"
"04","21","03","Midai"
"05","21","03","Bunguran Barat"
"06","21","03","Serasan"
"07","21","03","Bunguran Timur"
"08","21","03","Bunguran Utara"
"09","21","03","Subi"
"10","21","03","Pulau Laut"
"11","21","03","Pulau Tiga"
"15","21","03","Bunguran Timur Laut"
"16","21","03","Bunguran Tengah"
"18","21","03","Bunguran Selatan"
"19","21","03","Serasan Timur"
"20","21","03","Bunguran Batubi"
"21","21","03","Pulau Tiga Barat"
"22","21","03","Suak Midai"
"23","21","03","Pulau Panjang"
"24","21","03","Pulau Seluan"
"01","21","04","Singkep"
"02","21","04","Lingga"
"03","21","04","Senayang"
"04","21","04","Singkep Barat"
"05","21","04","Lingga Utara"
"06","21","04","Singkep Pesisir"
"07","21","04","Lingga Timur"
"08","21","04","Selayar"
"09","21","04","Singkep Selatan"
"10","21","04","Kepulauan Posek"
"11","21","04","Katang Bidare"
"12","21","04","Temiang Pesisir"
"13","21","04","Bakung Serumpun"
"01","21","05","Siantan"
"02","21","05","Palmatak"
"03","21","05","Siantan Timur"
"04","21","05","Siantan Selatan"
"05","21","05","Jemaja Timur"
"06","21","05","Jemaja"
"07","21","05","Siantan Tengah"
"08","21","05","Siantan Utara"
"09","21","05","Jemaja Barat"
"10","21","05","Kute Siantan"
"01","21","71","Belakang Padang"
"02","21","71","Batu Ampar"
"03","21","71","Sekupang"
"04","21","71","Nongsa"
"05","21","71","Bulang"
"06","21","71","Lubuk Baja"
"07","21","71","Sei Beduk"
"08","21","71","Galang"
"09","21","71","Bengkong"
"10","21","71","Batam Kota"
"11","21","71","Sagulung"
"12","21","71","Batu Aji"
"01","21","72","Tanjung Pinang Barat"
"02","21","72","Tanjung Pinang Timur"
"03","21","72","Tanjung Pinang Kota"
"04","21","72","Bukit Bestari"
"01","31","01","Kepulauan Seribu Utara"
"02","31","01","Kepulauan Seribu Selatan"
"01","31","71","Gambir"
"02","31","71","Sawah Besar"
"03","31","71","Kemayoran"
"04","31","71","Senen"
"05","31","71","Cempaka Putih"
"06","31","71","Menteng"
"07","31","71","Tanah Abang"
"08","31","71","Johar Baru"
"01","31","72","Penjaringan"
"02","31","72","Tanjung Priok"
"03","31","72","Koja"
"04","31","72","Cilincing"
"05","31","72","Pademangan"
"06","31","72","Kelapa Gading"
"01","31","73","Cengkareng"
"02","31","73","Grogol Petamburan"
"03","31","73","Taman Sari"
"04","31","73","Tambora"
"05","31","73","Kebon Jeruk"
"06","31","73","Kalideres"
"07","31","73","Pal Merah"
"08","31","73","Kembangan"
"01","31","74","Tebet"
"02","31","74","Setiabudi"
"03","31","74","Mampang Prapatan"
"04","31","74","Pasar Minggu"
"05","31","74","Kebayoran Lama"
"06","31","74","Cilandak"
"07","31","74","Kebayoran Baru"
"08","31","74","Pancoran"
"09","31","74","Jagakarsa"
"10","31","74","Pesanggrahan"
"01","31","75","Matraman"
"02","31","75","Pulogadung"
"03","31","75","Jatinegara"
"04","31","75","Kramatjati"
"05","31","75","Pasar Rebo"
"06","31","75","Cakung"
"07","31","75","Duren Sawit"
"08","31","75","Makasar"
"09","31","75","Ciracas"
"10","31","75","Cipayung"
"01","32","01","Cibinong"
"02","32","01","Gunungputri"
"03","32","01","Citeureup"
"04","32","01","Sukaraja"
"05","32","01","Babakan Madang"
"06","32","01","Jonggol"
"07","32","01","Cileungsi"
"08","32","01","Cariu"
"09","32","01","Sukamakmur"
"10","32","01","Parung"
"11","32","01","Gunungsindur"
"12","32","01","Kemang"
"13","32","01","Bojonggede"
"14","32","01","Leuwiliang"
"15","32","01","Ciampea"
"16","32","01","Cibungbulang"
"17","32","01","Pamijahan"
"18","32","01","Rumpin"
"19","32","01","Jasinga"
"20","32","01","Parungpanjang"
"21","32","01","Nanggung"
"22","32","01","Cigudeg"
"23","32","01","Tenjo"
"24","32","01","Ciawi"
"25","32","01","Cisarua"
"26","32","01","Megamendung"
"27","32","01","Caringin"
"28","32","01","Cijeruk"
"29","32","01","Ciomas"
"30","32","01","Dramaga"
"31","32","01","Tamansari"
"32","32","01","Klapanunggal"
"33","32","01","Ciseeng"
"34","32","01","Rancabungur"
"35","32","01","Sukajaya"
"36","32","01","Tanjungsari"
"37","32","01","Tajurhalang"
"38","32","01","Cigombong"
"39","32","01","Leuwisadeng"
"40","32","01","Tenjolaya"
"01","32","02","Palabuhanratu"
"02","32","02","Simpenan"
"03","32","02","Cikakak"
"04","32","02","Bantargadung"
"05","32","02","Cisolok"
"06","32","02","Cikidang"
"07","32","02","Lengkong"
"08","32","02","Jampangtengah"
"09","32","02","Warungkiara"
"10","32","02","Cikembar"
"11","32","02","Cibadak"
"12","32","02","Nagrak"
"13","32","02","Parungkuda"
"14","32","02","Bojonggenteng"
"15","32","02","Parakansalak"
"16","32","02","Cicurug"
"17","32","02","Cidahu"
"18","32","02","Kalapanunggal"
"19","32","02","Kabandungan"
"20","32","02","Waluran"
"21","32","02","Jampangkulon"
"22","32","02","Ciemas"
"23","32","02","Kalibunder"
"24","32","02","Surade"
"25","32","02","Cibitung"
"26","32","02","Ciracap"
"27","32","02","Gunungguruh"
"28","32","02","Cicantayan"
"29","32","02","Cisaat"
"30","32","02","Kadudampit"
"31","32","02","Caringin"
"32","32","02","Sukabumi"
"33","32","02","Sukaraja"
"34","32","02","Kebonpedes"
"35","32","02","Cireunghas"
"36","32","02","Sukalarang"
"37","32","02","Pabuaran"
"38","32","02","Purabaya"
"39","32","02","Nyalindung"
"40","32","02","Gegerbitung"
"41","32","02","Sagaranten"
"42","32","02","Curugkembar"
"43","32","02","Cidolog"
"44","32","02","Cidadap"
"45","32","02","Tegalbuleud"
"46","32","02","Cimanggu"
"47","32","02","Ciambar"
"01","32","03","Cianjur"
"02","32","03","Warungkondang"
"03","32","03","Cibeber"
"04","32","03","Cilaku"
"05","32","03","Ciranjang"
"06","32","03","Bonjogpicung"
"07","32","03","Karangtengah"
"08","32","03","Mande"
"09","32","03","Sukaluyu"
"10","32","03","Pacet"
"11","32","03","Cugenang"
"12","32","03","Cikalongkulon"
"13","32","03","Sukaresmi"
"14","32","03","Sukanagara"
"15","32","03","Campaka"
"16","32","03","Takokak"
"17","32","03","Kadupandak"
"18","32","03","Pagelarang"
"19","32","03","Tanggeung"
"20","32","03","Cubinong"
"21","32","03","Sindangbarang"
"22","32","03","Agrabinta"
"23","32","03","Cidaun"
"24","32","03","Naringgul"
"25","32","03","Campakamulya"
"26","32","03","Cikadu"
"27","32","03","Gekbrong"
"28","32","03","Cipanas"
"29","32","03","Cijati"
"30","32","03","Leles"
"31","32","03","Haurwangi"
"32","32","03","Pasirkuda"
"05","32","04","Cileunyi"
"06","32","04","Cimenyan"
"07","32","04","Cilengkrang"
"08","32","04","Bojongsoang"
"09","32","04","Margahayu"
"10","32","04","Margaasih"
"11","32","04","Katapang"
"12","32","04","Dayeuhkolot"
"13","32","04","Banjaran"
"14","32","04","Pameungpeuk"
"15","32","04","Pangalengan"
"16","32","04","Arjasari"
"17","32","04","Cimaung"
"25","32","04","Cicalengka"
"26","32","04","Nagreg"
"27","32","04","Cikancung"
"28","32","04","Rancaekek"
"29","32","04","Ciparay"
"30","32","04","Pacet"
"31","32","04","Kertasari"
"32","32","04","Baleendah"
"33","32","04","Majalaya"
"34","32","04","Solokanjeruk"
"35","32","04","Paseh"
"36","32","04","Ibun"
"37","32","04","Soreang"
"38","32","04","Pasirjambu"
"39","32","04","Ciwidey"
"40","32","04","Rancabali"
"44","32","04","Cangkuang"
"46","32","04","Kutawaringin"
"01","32","05","Garut Kota"
"02","32","05","Karangpawitan"
"03","32","05","Wanaraja"
"04","32","05","Tarogong Kaler"
"05","32","05","Tarogong Kidul"
"06","32","05","Banyuresmi"
"07","32","05","Samarang"
"08","32","05","Pasirwangi"
"09","32","05","Leles"
"10","32","05","Kadungora"
"11","32","05","Leuwigoong"
"12","32","05","Cibatu"
"13","32","05","Kersamanah"
"14","32","05","Malangbong"
"15","32","05","Sukawening"
"16","32","05","Karangtengah"
"17","32","05","Bayongbong"
"18","32","05","Cigedug"
"19","32","05","Cilawu"
"20","32","05","Cisurupan"
"21","32","05","Sukaresmi"
"22","32","05","Cikajang"
"23","32","05","Banjarwangi"
"24","32","05","Singajaya"
"25","32","05","Cihurip"
"26","32","05","Peundeuy"
"27","32","05","Pameungpeuk"
"28","32","05","Cisompet"
"29","32","05","Cibalong"
"30","32","05","Cikelet"
"31","32","05","Bungbulang"
"32","32","05","Mekarmukti"
"33","32","05","Pakenjeng"
"34","32","05","Pamulihan"
"35","32","05","Cisewu"
"36","32","05","Caringin"
"37","32","05","Talegong"
"38","32","05","Limbangan"
"39","32","05","Selaawi"
"40","32","05","Cibiuk"
"41","32","05","Pangatikan"
"42","32","05","Sucinaraja"
"01","32","06","Cipatujah"
"02","32","06","Karangnunggal"
"03","32","06","Cikalong"
"04","32","06","Pancatengah"
"05","32","06","Cikatomas"
"06","32","06","Cibalong"
"07","32","06","Parungponteng"
"08","32","06","Bantarkalong"
"09","32","06","Bojongasih"
"10","32","06","Culamega"
"11","32","06","Bojonggambir"
"12","32","06","Sodonghilir"
"13","32","06","Taraju"
"14","32","06","Salawu"
"15","32","06","Puspahiang"
"16","32","06","Tanjungjaya"
"17","32","06","Sukaraja"
"18","32","06","Salopa"
"19","32","06","Jatiwaras"
"20","32","06","Cineam"
"21","32","06","Karang Jaya"
"22","32","06","Manonjaya"
"23","32","06","Gunung Tanjung"
"24","32","06","Singaparna"
"25","32","06","Mangunreja"
"26","32","06","Sukarame"
"27","32","06","Cigalontang"
"28","32","06","Leuwisari"
"29","32","06","Padakembang"
"30","32","06","Sariwangi"
"31","32","06","Sukaratu"
"32","32","06","Cisayong"
"33","32","06","Sukahening"
"34","32","06","Rajapolah"
"35","32","06","Jamanis"
"36","32","06","Ciawi"
"37","32","06","Kadipaten"
"38","32","06","Pagerageung"
"39","32","06","Sukaresik"
"01","32","07","Ciamis"
"02","32","07","Cikoneng"
"03","32","07","Cijeungjing"
"04","32","07","Sadananya"
"05","32","07","Cidolog"
"06","32","07","Cihaurbeuti"
"07","32","07","Panumbangan"
"08","32","07","Panjalu"
"09","32","07","Kawali"
"10","32","07","Panawangan"
"11","32","07","Cipaku"
"12","32","07","Jatinagara"
"13","32","07","Rajadesa"
"14","32","07","Sukadana"
"15","32","07","Rancah"
"16","32","07","Tambaksari"
"17","32","07","Lakbok"
"18","32","07","Banjarsari"
"19","32","07","Pamarican"
"29","32","07","Cimaragas"
"30","32","07","Cisaga"
"31","32","07","Sindangkasih"
"32","32","07","Baregbeg"
"33","32","07","Sukamantri"
"34","32","07","Lumbung"
"35","32","07","Purwadadi"
"37","32","07","Banjaranyar"
"01","32","08","Kadugede"
"02","32","08","Ciniru"
"03","32","08","Subang"
"04","32","08","Ciwaru"
"05","32","08","Cibingbin"
"06","32","08","Luragung"
"07","32","08","Lebakwangi"
"08","32","08","Garawangi"
"09","32","08","Kuningan"
"10","32","08","Ciawigebang"
"11","32","08","Cidahu"
"12","32","08","Jalaksana"
"13","32","08","Cilimus"
"14","32","08","Mandirancan"
"15","32","08","Selajambe"
"16","32","08","Kramatmulya"
"17","32","08","Darma"
"18","32","08","Cigugur"
"19","32","08","Pasawahan"
"20","32","08","Nusaherang"
"21","32","08","Cipicung"
"22","32","08","Pancalang"
"23","32","08","Japara"
"24","32","08","Cimahi"
"25","32","08","Cilebak"
"26","32","08","Hantara"
"27","32","08","Kalimanggis"
"28","32","08","Cibeureum"
"29","32","08","Karangkancana"
"30","32","08","Maleber"
"31","32","08","Sindangagung"
"32","32","08","Cigandamekar"
"01","32","09","Waled"
"02","32","09","Ciledug"
"03","32","09","Losari"
"04","32","09","Pabedilan"
"05","32","09","Babakan"
"06","32","09","Karangsembung"
"07","32","09","Lemahabang"
"08","32","09","Susukan Lebak"
"09","32","09","Sedong"
"10","32","09","Astanajapura"
"11","32","09","Pangenan"
"12","32","09","Mundu"
"13","32","09","Beber"
"14","32","09","Talun"
"15","32","09","Sumber"
"16","32","09","Dukupuntang"
"17","32","09","Palimanan"
"18","32","09","Plumbon"
"19","32","09","Weru"
"20","32","09","Kedawung"
"21","32","09","Gunung Jati"
"22","32","09","Kepetakan"
"23","32","09","Klangenan"
"24","32","09","Arjawinangun"
"25","32","09","Panguragan"
"26","32","09","Ciwaringin"
"27","32","09","Susukan"
"28","32","09","Gegesik"
"29","32","09","Kaliwedi"
"30","32","09","Gebang"
"31","32","09","Depok"
"32","32","09","Pasaleman"
"33","32","09","Pabuaran"
"34","32","09","Karangwareng"
"35","32","09","Tengah Tani"
"36","32","09","Plered"
"37","32","09","Gempol"
"38","32","09","Greged"
"39","32","09","Suranenggala"
"40","32","09","Jamblang"
"01","32","10","Lemahsugih"
"02","32","10","Bantarujeg"
"03","32","10","Cikijing"
"04","32","10","Talaga"
"05","32","10","Argapura"
"06","32","10","Maja"
"07","32","10","Majalengka"
"08","32","10","Sukahaji"
"09","32","10","Rajagaluh"
"10","32","10","Leuwimunding"
"11","32","10","Jatiwangi"
"12","32","10","Dawuan"
"13","32","10","Kadipaten"
"14","32","10","Kertajati"
"15","32","10","Jatitujuh"
"16","32","10","Ligung"
"17","32","10","Sumberjaya"
"18","32","10","Panyingkiran"
"19","32","10","Palasah"
"20","32","10","Cigasong"
"21","32","10","Sindangwangi"
"22","32","10","Banjaran"
"23","32","10","Cingambul"
"24","32","10","Kasokandel"
"25","32","10","Sindang"
"26","32","10","Malausma"
"01","32","11","Wado"
"02","32","11","Jatinunggal"
"03","32","11","Darmaraja"
"04","32","11","Cibugel"
"05","32","11","Cisitu"
"06","32","11","Situraja"
"07","32","11","Conggeang"
"08","32","11","Paseh"
"09","32","11","Surian"
"10","32","11","Buahdua"
"11","32","11","Tanjungsari"
"12","32","11","Sukasari"
"13","32","11","Pamulihan"
"14","32","11","Cimanggung"
"15","32","11","Jatinangor"
"16","32","11","Rancakalong"
"17","32","11","Sumedang Selatan"
"18","32","11","Sumedang Utara"
"19","32","11","Ganeas"
"20","32","11","Tanjungkerta"
"21","32","11","Tanjungmedar"
"22","32","11","Cimalaka"
"23","32","11","Cisarua"
"24","32","11","Tomo"
"25","32","11","Ujungjaya"
"26","32","11","Jatigede"
"01","32","12","Haurgeulis"
"02","32","12","Kroya"
"03","32","12","Gabuswetan"
"04","32","12","Cikedung"
"05","32","12","Lelea"
"06","32","12","Bangodua"
"07","32","12","Widasari"
"08","32","12","Kertasemaya"
"09","32","12","Krangkeng"
"10","32","12","Karangampel"
"11","32","12","Juntinyuat"
"12","32","12","Sliyeg"
"13","32","12","Jatibarang"
"14","32","12","Balongan"
"15","32","12","Indramayu"
"16","32","12","Sindang"
"17","32","12","Cantigi"
"18","32","12","Lohbener"
"19","32","12","Arahan"
"20","32","12","Losarang"
"21","32","12","Kandanghaur"
"22","32","12","Bongas"
"23","32","12","Anjatan"
"24","32","12","Sukra"
"25","32","12","Gantar"
"26","32","12","Terisi"
"27","32","12","Sukagumiwang"
"28","32","12","Kedokan Bunder"
"29","32","12","Pasekan"
"30","32","12","Tukdana"
"31","32","12","Patrol"
"01","32","13","Sagalaherang"
"02","32","13","Cisalak"
"03","32","13","Subang"
"04","32","13","Kalijati"
"05","32","13","Pabuaran"
"06","32","13","Purwadadi"
"07","32","13","Pagaden"
"08","32","13","Binong"
"09","32","13","Ciasem"
"10","32","13","Pusakanagara"
"11","32","13","Pamanukan"
"12","32","13","Jalancagak"
"13","32","13","Blanakan"
"14","32","13","Tanjungsiang"
"15","32","13","Compreng"
"16","32","13","Patokbeusi"
"17","32","13","Cibogo"
"18","32","13","Cipunagara"
"19","32","13","Cijambe"
"20","32","13","Cipeundeuy"
"21","32","13","Legonkulon"
"22","32","13","Cikaum"
"23","32","13","Serangpanjang"
"24","32","13","Sukasari"
"25","32","13","Tambakdahan"
"26","32","13","Kasomalang"
"27","32","13","Dawuan"
"28","32","13","Pagaden Barat"
"29","32","13","Ciater"
"30","32","13","Pusakajaya"
"01","32","14","Purwakarta"
"02","32","14","Campaka"
"03","32","14","Jatiluhur"
"04","32","14","Plered"
"05","32","14","Sukatani"
"06","32","14","Darangdan"
"07","32","14","Maniis"
"08","32","14","Tegalwaru"
"09","32","14","Wanayasa"
"10","32","14","Pasawahan"
"11","32","14","Bojong"
"12","32","14","Babakancikao"
"13","32","14","Bungursari"
"14","32","14","Cibatu"
"15","32","14","Sukasari"
"16","32","14","Pondoksalam"
"17","32","14","Kiarapedes"
"01","32","15","Karawang Barat"
"02","32","15","Pangkalan"
"03","32","15","Telukjambe Timur"
"04","32","15","Ciampel"
"05","32","15","Klari"
"06","32","15","Rengasdengklok"
"07","32","15","Kutawaluya"
"08","32","15","Batujaya"
"09","32","15","Tirtajaya"
"10","32","15","Pedes"
"11","32","15","Cibuaya"
"12","32","15","Pakisjaya"
"13","32","15","Cikampek"
"14","32","15","Jatisari"
"15","32","15","Cilamaya Wetan"
"16","32","15","Tirtamulya"
"17","32","15","Telagasari"
"18","32","15","Rawamerta"
"19","32","15","Lemahabang"
"20","32","15","Tempuran"
"21","32","15","Majalaya"
"22","32","15","Jayakerta"
"23","32","15","Cilamaya Kulon"
"24","32","15","Banyusari"
"25","32","15","Kota Baru"
"26","32","15","Karawang Timur"
"27","32","15","Telukjambe Barat"
"28","32","15","Tegalwaru"
"29","32","15","Purwasari"
"30","32","15","Cilebar"
"01","32","16","Tarumajaya"
"02","32","16","Babelan"
"03","32","16","Sukawangi"
"04","32","16","Tambelang"
"05","32","16","Tambun Utara"
"06","32","16","Tambun Selatan"
"07","32","16","Cibitung"
"08","32","16","Cikarang Barat"
"09","32","16","Cikarang Utara"
"10","32","16","Karang Bahagia"
"11","32","16","Cikarang Timur"
"12","32","16","Kedung Waringin"
"13","32","16","Pebayuran"
"14","32","16","Sukakarya"
"15","32","16","Sukatani"
"16","32","16","Cabangbungin"
"17","32","16","Muaragembong"
"18","32","16","Setu"
"19","32","16","Cikarang Selatan"
"20","32","16","Cikarang Pusat"
"21","32","16","Serang Baru"
"22","32","16","Cibarusah"
"23","32","16","Bojongmangu"
"01","32","17","Lembang"
"02","32","17","Parongpong"
"03","32","17","Cisarua"
"04","32","17","Cikalongwetan"
"05","32","17","Cipeundeuy"
"06","32","17","Ngamprah"
"07","32","17","Cipatat"
"08","32","17","Padalarang"
"09","32","17","Batujajar"
"10","32","17","Cihampelas"
"11","32","17","Cililin"
"12","32","17","Cipongkor"
"13","32","17","Rongga"
"14","32","17","Sindangkerta"
"15","32","17","Gununghalu"
"16","32","17","Saguling"
"01","32","18","Parigi"
"02","32","18","Cijulang"
"03","32","18","Cimerak"
"04","32","18","Cigugur"
"05","32","18","Langkaplancar"
"06","32","18","Mangunjaya"
"07","32","18","Padaherang"
"08","32","18","Kalipucang"
"09","32","18","Pangandaran"
"10","32","18","Sidamulih"
"01","32","71","Bogor Selatan"
"02","32","71","Bogor Timur"
"03","32","71","Bogor Tengah"
"04","32","71","Bogor Barat"
"05","32","71","Bogor Utara"
"06","32","71","Tanah Sareal"
"01","32","72","Gunung Puyuh"
"02","32","72","Cikole"
"03","32","72","Citamiang"
"04","32","72","Warudoyong"
"05","32","72","Baros"
"06","32","72","Lembursitu"
"07","32","72","Cibeureum"
"01","32","73","Sukasari"
"02","32","73","Coblong"
"03","32","73","Babakan Ciparay"
"04","32","73","Bojongloa Kaler"
"05","32","73","Andir"
"06","32","73","Cicendo"
"07","32","73","Sukajadi"
"08","32","73","Cidadap"
"09","32","73","Bandung Wetan"
"10","32","73","Astanaanyar"
"11","32","73","Regol"
"12","32","73","Batununggal"
"13","32","73","Lengkong"
"14","32","73","Cibeunying Kidul"
"15","32","73","Bandung Kulon"
"16","32","73","Kiaracondong"
"17","32","73","Bojongloa Kidul"
"18","32","73","Cibeunying Kaler"
"19","32","73","Sumur Bandung"
"20","32","73","Antapani"
"21","32","73","Bandung Kidul"
"22","32","73","Buahbatu"
"23","32","73","Rancasari"
"24","32","73","Arcamanik"
"25","32","73","Cibiru"
"26","32","73","Ujungberung"
"27","32","73","Gedebage"
"28","32","73","Panyileukan"
"29","32","73","Cinambo"
"30","32","73","Mandalajati"
"01","32","74","Kejaksan"
"02","32","74","Lemahwungkuk"
"03","32","74","Harjamukti"
"04","32","74","Pekalipan"
"05","32","74","Kesambi"
"01","32","75","Bekasi Timur"
"02","32","75","Bekasi Barat"
"03","32","75","Bekasi Utara"
"04","32","75","Bekasi Selatan"
"05","32","75","Rawalumbu"
"06","32","75","Medansatria"
"07","32","75","Bantargebang"
"08","32","75","Pondokgede"
"09","32","75","Jatiasih"
"10","32","75","Jatisampurna"
"11","32","75","Mustikajaya"
"12","32","75","Pondokmelati"
"01","32","76","Pancoran Mas"
"02","32","76","Cimanggis"
"03","32","76","Sawangan"
"04","32","76","Limo"
"05","32","76","Sukmajaya"
"06","32","76","Beji"
"07","32","76","Cipayung"
"08","32","76","Cilodong"
"09","32","76","Cinere"
"10","32","76","Tapos"
"11","32","76","Bojongsari"
"01","32","77","Cimahi Selatan"
"02","32","77","Cimahi Tengah"
"03","32","77","Cimahi Utara"
"01","32","78","Cihideung"
"02","32","78","Cipedes"
"03","32","78","Tawang"
"04","32","78","Indihiang"
"05","32","78","Kawalu"
"06","32","78","Cibeureum"
"07","32","78","Tamansari"
"08","32","78","Mangkubumi"
"09","32","78","Bungursari"
"10","32","78","Purbaratu"
"01","32","79","Banjar"
"02","32","79","Pataruman"
"03","32","79","Purwaharja"
"04","32","79","Langensari"
"01","33","01","Kedungreja"
"02","33","01","Kesugihan"
"03","33","01","Adipala"
"04","33","01","Binangun"
"05","33","01","Nusawungu"
"06","33","01","Kroya"
"07","33","01","Maos"
"08","33","01","Jeruklegi"
"09","33","01","Kawunganten"
"10","33","01","Gandrungmangu"
"11","33","01","Sidareja"
"12","33","01","Karangpucung"
"13","33","01","Cimanggu"
"14","33","01","Majenang"
"15","33","01","Wanareja"
"16","33","01","Dayeuhluhur"
"17","33","01","Sampang"
"18","33","01","Cipari"
"19","33","01","Patimuan"
"20","33","01","Bantarsari"
"21","33","01","Cilacap Selatan"
"22","33","01","Cilacap Tengah"
"23","33","01","Cilacap Utara"
"24","33","01","Kampung Laut"
"01","33","02","Lumbir"
"02","33","02","Wangon"
"03","33","02","Jatilawang"
"04","33","02","Rawalo"
"05","33","02","Kebasen"
"06","33","02","Kemranjen"
"07","33","02","Sumpiuh"
"08","33","02","Tambak"
"09","33","02","Somagede"
"10","33","02","Kalibagor"
"11","33","02","Banyumas"
"12","33","02","Patikraja"
"13","33","02","Purwojati"
"14","33","02","Ajibarang"
"15","33","02","Gumelar"
"16","33","02","Pekuncen"
"17","33","02","Cilongok"
"18","33","02","Karanglewas"
"19","33","02","Sokaraja"
"20","33","02","Kembaran"
"21","33","02","Sumbang"
"22","33","02","Baturraden"
"23","33","02","Kedungbanteng"
"24","33","02","Purwokerto Selatan"
"25","33","02","Purwokerto Barat"
"26","33","02","Purwokerto Timur"
"27","33","02","Purwokerto Utara"
"01","33","03","Kemangkon"
"02","33","03","Bukateja"
"03","33","03","Kejobong"
"04","33","03","Kaligondang"
"05","33","03","Purbalingga"
"06","33","03","Kalimanah"
"07","33","03","Kutasari"
"08","33","03","Mrebet"
"09","33","03","Bobotsari"
"10","33","03","Karangreja"
"11","33","03","Karanganyar"
"12","33","03","Karangmoncol"
"13","33","03","Rembang"
"14","33","03","Bojongsari"
"15","33","03","Padamara"
"16","33","03","Pengadegan"
"17","33","03","Karangjambu"
"18","33","03","Kertanegara"
"01","33","04","Susukan"
"02","33","04","Purworeja Klampok"
"03","33","04","Mandiraja"
"04","33","04","Purwanegara"
"05","33","04","Bawang"
"06","33","04","Banjarnegara"
"07","33","04","Sigaluh"
"08","33","04","Madukara"
"09","33","04","Banjarmangu"
"10","33","04","Wanadadi"
"11","33","04","Rakit"
"12","33","04","Punggelan"
"13","33","04","Karangkobar"
"14","33","04","Pagentan"
"15","33","04","Pejawaran"
"16","33","04","Batur"
"17","33","04","Wanayasa"
"18","33","04","Kalibening"
"19","33","04","Pandanarum"
"20","33","04","Pagedongan"
"01","33","05","Ayah"
"02","33","05","Buayan"
"03","33","05","Puring"
"04","33","05","Petanahan"
"05","33","05","Klirong"
"06","33","05","Buluspesantren"
"07","33","05","Ambal"
"08","33","05","Mirit"
"09","33","05","Prembun"
"10","33","05","Kutowinangun"
"11","33","05","Alian"
"12","33","05","Kebumen"
"13","33","05","Pejagoan"
"14","33","05","Sruweng"
"15","33","05","Adimulyo"
"16","33","05","Kuwarasan"
"17","33","05","Rowokele"
"18","33","05","Sempor"
"19","33","05","Gombong"
"20","33","05","Karanganyar"
"21","33","05","Karanggayam"
"22","33","05","Sadang"
"23","33","05","Bonorowo"
"24","33","05","Padureso"
"25","33","05","Poncowarno"
"26","33","05","Karangsambung"
"01","33","06","Grabag"
"02","33","06","Ngombol"
"03","33","06","Purwodadi"
"04","33","06","Bagelen"
"05","33","06","Kaligesing"
"06","33","06","Purworejo"
"07","33","06","Banyuurip"
"08","33","06","Bayan"
"09","33","06","Kutoarjo"
"10","33","06","Butuh"
"11","33","06","Pituruh"
"12","33","06","Kemiri"
"13","33","06","Bruno"
"14","33","06","Gebang"
"15","33","06","Loano"
"16","33","06","Bener"
"01","33","07","Wadaslintang"
"02","33","07","Kepil"
"03","33","07","Sapuran"
"04","33","07","Kaliwiro"
"05","33","07","Leksono"
"06","33","07","Selomerto"
"07","33","07","Kalikajar"
"08","33","07","Kertek"
"09","33","07","Wonosobo"
"10","33","07","Watumalang"
"11","33","07","Mojotengah"
"12","33","07","Garung"
"13","33","07","Kejajar"
"14","33","07","Sukoharjo"
"15","33","07","Kalibawang"
"01","33","08","Salaman"
"02","33","08","Borobudur"
"03","33","08","Ngluwar"
"04","33","08","Salam"
"05","33","08","Srumbung"
"06","33","08","Dukun"
"07","33","08","Sawangan"
"08","33","08","Muntilan"
"09","33","08","Mungkid"
"10","33","08","Mertoyudan"
"11","33","08","Tempuran"
"12","33","08","Kajoran"
"13","33","08","Kaliangkrik"
"14","33","08","Bandongan"
"15","33","08","Candimulyo"
"16","33","08","Pakis"
"17","33","08","Ngablak"
"18","33","08","Grabag"
"19","33","08","Tegalrejo"
"20","33","08","Secang"
"21","33","08","Windusari"
"01","33","09","Selo"
"02","33","09","Ampel"
"03","33","09","Cepogo"
"04","33","09","Musuk"
"05","33","09","Boyolali"
"06","33","09","Mojosongo"
"07","33","09","Teras"
"08","33","09","Sawit"
"09","33","09","Banyudono"
"10","33","09","Sambi"
"11","33","09","Ngemplak"
"12","33","09","Nogosari"
"13","33","09","Simo"
"14","33","09","Karanggede"
"15","33","09","Klego"
"16","33","09","Andong"
"17","33","09","Kemusu"
"18","33","09","Wonosegoro"
"19","33","09","Juwangi"
"20","33","09","Gladagsari"
"21","33","09","Tamansari"
"22","33","09","Wonosamodro"
"01","33","10","Prambanan"
"02","33","10","Gantiwarno"
"03","33","10","Wedi"
"04","33","10","Bayat"
"05","33","10","Cawas"
"06","33","10","Trucuk"
"07","33","10","Kebonarum"
"08","33","10","Jogonalan"
"09","33","10","Manisrenggo"
"10","33","10","Karangnongko"
"11","33","10","Ceper"
"12","33","10","Pedan"
"13","33","10","Karangdowo"
"14","33","10","Juwiring"
"15","33","10","Wonosari"
"16","33","10","Delanggu"
"17","33","10","Polanharjo"
"18","33","10","Karanganom"
"19","33","10","Tulung"
"20","33","10","Jatinom"
"21","33","10","Kemalang"
"22","33","10","Ngawen"
"23","33","10","Kalikotes"
"24","33","10","Klaten Utara"
"25","33","10","Klaten Tengah"
"26","33","10","Klaten Selatan"
"01","33","11","Weru"
"02","33","11","Bulu"
"03","33","11","Tawangsari"
"04","33","11","Sukoharjo"
"05","33","11","Nguter"
"06","33","11","Bendosari"
"07","33","11","Polokarto"
"08","33","11","Mojolaban"
"09","33","11","Grogol"
"10","33","11","Baki"
"11","33","11","Gatak"
"12","33","11","Kartasura"
"01","33","12","Pracimantoro"
"02","33","12","Giritontro"
"03","33","12","Giriwoyo"
"04","33","12","Batuwarno"
"05","33","12","Tirtomoyo"
"06","33","12","Nguntoronadi"
"07","33","12","Baturetno"
"08","33","12","Eromoko"
"09","33","12","Wuryantoro"
"10","33","12","Manyaran"
"11","33","12","Selogiri"
"12","33","12","Wonogiri"
"13","33","12","Ngadirojo"
"14","33","12","Sidoharjo"
"15","33","12","Jatiroto"
"16","33","12","Kismantoro"
"17","33","12","Purwantoro"
"18","33","12","Bulukerto"
"19","33","12","Slogohimo"
"20","33","12","Jatisrono"
"21","33","12","Jatipurno"
"22","33","12","Girimarto"
"23","33","12","Karangtengah"
"24","33","12","Paranggupito"
"25","33","12","Puhpelem"
"01","33","13","Jatipuro"
"02","33","13","Jatiyoso"
"03","33","13","Jumapolo"
"04","33","13","Jumantono"
"05","33","13","Matesih"
"06","33","13","Tawangmangu"
"07","33","13","Ngargoyoso"
"08","33","13","Karangpandan"
"09","33","13","Karanganyar"
"10","33","13","Tasikmadu"
"11","33","13","Jaten"
"12","33","13","Colomadu"
"13","33","13","Gondangrejo"
"14","33","13","Kebakkramat"
"15","33","13","Mojogedang"
"16","33","13","Kerjo"
"17","33","13","Jenawi"
"01","33","14","Kalijambe"
"02","33","14","Plupuh"
"03","33","14","Masaran"
"04","33","14","Kedawung"
"05","33","14","Sambirejo"
"06","33","14","Gondang"
"07","33","14","Sambungmacan"
"08","33","14","Ngrampal"
"09","33","14","Karangmalang"
"10","33","14","Sragen"
"11","33","14","Sidoharjo"
"12","33","14","Tanon"
"13","33","14","Gemolong"
"14","33","14","Miri"
"15","33","14","Sumberlawang"
"16","33","14","Mondokan"
"17","33","14","Sukodono"
"18","33","14","Gesi"
"19","33","14","Tangen"
"20","33","14","Jenar"
"01","33","15","Kedungjati"
"02","33","15","Karangrayung"
"03","33","15","Penawangan"
"04","33","15","Toroh"
"05","33","15","Geyer"
"06","33","15","Pulokulon"
"07","33","15","Kradenan"
"08","33","15","Gabus"
"09","33","15","Ngaringan"
"10","33","15","Wirosari"
"11","33","15","Tawangharjo"
"12","33","15","Grobogan"
"13","33","15","Purwodadi"
"14","33","15","Brati"
"15","33","15","Klambu"
"16","33","15","Godong"
"17","33","15","Gubug"
"18","33","15","Tegowanu"
"19","33","15","Tanggungharjo"
"01","33","16","Jati"
"02","33","16","Randublatung"
"03","33","16","Kradenan"
"04","33","16","Kedungtuban"
"05","33","16","Cepu"
"06","33","16","Sambong"
"07","33","16","Jiken"
"08","33","16","Jepon"
"09","33","16","Blora"
"10","33","16","Tunjungan"
"11","33","16","Banjarejo"
"12","33","16","Ngawen"
"13","33","16","Kunduran"
"14","33","16","Todanan"
"15","33","16","Bogorejo"
"16","33","16","Japah"
"01","33","17","Sumber"
"02","33","17","Bulu"
"03","33","17","Gunem"
"04","33","17","Sale"
"05","33","17","Sarang"
"06","33","17","Sedan"
"07","33","17","Pamotan"
"08","33","17","Sulang"
"09","33","17","Kaliori"
"10","33","17","Rembang"
"11","33","17","Pancur"
"12","33","17","Kragan"
"13","33","17","Sluke"
"14","33","17","Lasem"
"01","33","18","Sukolilo"
"02","33","18","Kayen"
"03","33","18","Tambakromo"
"04","33","18","Winong"
"05","33","18","Pucakwangi"
"06","33","18","Jaken"
"07","33","18","Batangan"
"08","33","18","Juwana"
"09","33","18","Jakenan"
"10","33","18","Pati"
"11","33","18","Gabus"
"12","33","18","Margorejo"
"13","33","18","Gembong"
"14","33","18","Tlogowungu"
"15","33","18","Wedarijaksa"
"16","33","18","Margoyoso"
"17","33","18","Gunungwungkal"
"18","33","18","Cluwak"
"19","33","18","Tayu"
"20","33","18","Dukuhseti"
"21","33","18","Trangkil"
"01","33","19","Kaliwungu"
"02","33","19","Kota Kudus"
"03","33","19","Jati"
"04","33","19","Undaan"
"05","33","19","Mejobo"
"06","33","19","Jekulo"
"07","33","19","Bae"
"08","33","19","Gebog"
"09","33","19","Dawe"
"01","33","20","Kedung"
"02","33","20","Pecangaan"
"03","33","20","Welahan"
"04","33","20","Mayong"
"05","33","20","Batealit"
"06","33","20","Jepara"
"07","33","20","Mlonggo"
"08","33","20","Bangsri"
"09","33","20","Keling"
"10","33","20","Karimunjawa"
"11","33","20","Tahunan"
"12","33","20","Nalumsari"
"13","33","20","Kalinyamatan"
"14","33","20","Kembang"
"15","33","20","Pakis Aji"
"16","33","20","Donorojo"
"01","33","21","Mranggen"
"02","33","21","Karangawen"
"03","33","21","Guntur"
"04","33","21","Sayung"
"05","33","21","Karangtengah"
"06","33","21","Wonosalam"
"07","33","21","Dempet"
"08","33","21","Gajah"
"09","33","21","Karanganyar"
"10","33","21","Mijen"
"11","33","21","Demak"
"12","33","21","Bonang"
"13","33","21","Wedung"
"14","33","21","Kebonagung"
"01","33","22","Getasan"
"02","33","22","Tengaran"
"03","33","22","Susukan"
"04","33","22","Suruh"
"05","33","22","Pabelan"
"06","33","22","Tuntang"
"07","33","22","Banyubiru"
"08","33","22","Jambu"
"09","33","22","Sumowono"
"10","33","22","Ambarawa"
"11","33","22","Bawen"
"12","33","22","Bringin"
"13","33","22","Bergas"
"15","33","22","Pringapus"
"16","33","22","Bancak"
"17","33","22","Kaliwungu"
"18","33","22","Ungaran Barat"
"19","33","22","Ungaran Timur"
"20","33","22","Bandungan"
"01","33","23","Bulu"
"02","33","23","Tembarak"
"03","33","23","Temanggung"
"04","33","23","Pringsurat"
"05","33","23","Kaloran"
"06","33","23","Kandangan"
"07","33","23","Kedu"
"08","33","23","Parakan"
"09","33","23","Ngadirejo"
"10","33","23","Jumo"
"11","33","23","Tretep"
"12","33","23","Candiroto"
"13","33","23","Kranggan"
"14","33","23","Tlogomulyo"
"15","33","23","Selopampang"
"16","33","23","Bansari"
"17","33","23","Kledung"
"18","33","23","Bejen"
"19","33","23","Wonoboyo"
"20","33","23","Gemawang"
"01","33","24","Plantungan"
"02","33","24","Pageruyung"
"03","33","24","Sukorejo"
"04","33","24","Patean"
"05","33","24","Singorojo"
"06","33","24","Limbangan"
"07","33","24","Boja"
"08","33","24","Kaliwungu"
"09","33","24","Brangsong"
"10","33","24","Pegandon"
"11","33","24","Gemuh"
"12","33","24","Weleri"
"13","33","24","Cepiring"
"14","33","24","Patebon"
"15","33","24","Kendal"
"16","33","24","Rowosari"
"17","33","24","Kangkung"
"18","33","24","Ringinarum"
"19","33","24","Ngampel"
"20","33","24","Kaliwungu Selatan"
"01","33","25","Wonotunggal"
"02","33","25","Bandar"
"03","33","25","Blado"
"04","33","25","Reban"
"05","33","25","Bawang"
"06","33","25","Tersono"
"07","33","25","Gringsing"
"08","33","25","Limpung"
"09","33","25","Subah"
"10","33","25","Tulis"
"11","33","25","Batang"
"12","33","25","Warungasem"
"13","33","25","Kandeman"
"14","33","25","Pecalungan"
"15","33","25","Banyuputih"
"01","33","26","Kandangserang"
"02","33","26","Paninggaran"
"03","33","26","Lebakbarang"
"04","33","26","Petungkriyono"
"05","33","26","Talun"
"06","33","26","Doro"
"07","33","26","Karanganyar"
"08","33","26","Kajen"
"09","33","26","Kesesi"
"10","33","26","Sragi"
"11","33","26","Bojong"
"12","33","26","Wonopringgo"
"13","33","26","Kedungwuni"
"14","33","26","Buaran"
"15","33","26","Tirto"
"16","33","26","Wiradesa"
"17","33","26","Siwalan"
"18","33","26","Karangdadap"
"19","33","26","Wonokerto"
"01","33","27","Moga"
"02","33","27","Pulosari"
"03","33","27","Belik"
"04","33","27","Watukumpul"
"05","33","27","Bodeh"
"06","33","27","Bantarbolang"
"07","33","27","Randudongkal"
"08","33","27","Pemalang"
"09","33","27","Taman"
"10","33","27","Petarukan"
"11","33","27","Ampelgading"
"12","33","27","Comal"
"13","33","27","Ulujami"
"14","33","27","Warungpring"
"01","33","28","Margasari"
"02","33","28","Bumijawa"
"03","33","28","Bojong"
"04","33","28","Balapulang"
"05","33","28","Pagerbarang"
"06","33","28","Lebaksiu"
"07","33","28","Jatinegara"
"08","33","28","Kedungbanteng"
"09","33","28","Pangkah"
"10","33","28","Slawi"
"11","33","28","Adiwerna"
"12","33","28","Talang"
"13","33","28","Dukuhturi"
"14","33","28","Tarub"
"15","33","28","Kramat"
"16","33","28","Suradadi"
"17","33","28","Warureja"
"18","33","28","Dukuhwaru"
"01","33","29","Salem"
"02","33","29","Bantarkawung"
"03","33","29","Bumiayu"
"04","33","29","Paguyangan"
"05","33","29","Sirampog"
"06","33","29","Tonjong"
"07","33","29","Jatibarang"
"08","33","29","Wanasari"
"09","33","29","Brebes"
"10","33","29","Songgom"
"11","33","29","Kersana"
"12","33","29","Losari"
"13","33","29","Tanjung"
"14","33","29","Bulakamba"
"15","33","29","Larangan"
"16","33","29","Ketanggungan"
"17","33","29","Banjarharjo"
"01","33","71","Magelang Selatan"
"02","33","71","Magelang Utara"
"03","33","71","Magelang Tengah"
"01","33","72","Laweyan"
"02","33","72","Serengan"
"03","33","72","Pasar Kliwon"
"04","33","72","Jebres"
"05","33","72","Banjarsari"
"01","33","73","Sidorejo"
"02","33","73","Tingkir"
"03","33","73","Argomulyo"
"04","33","73","Sidomukti"
"01","33","74","Semarang Tengah"
"02","33","74","Semarang Utara"
"03","33","74","Semarang Timur"
"04","33","74","Gayamsari"
"05","33","74","Genuk"
"06","33","74","Pedurungan"
"07","33","74","Semarang Selatan"
"08","33","74","Candisari"
"09","33","74","Gajahmungkur"
"10","33","74","Tembalang"
"11","33","74","Banyumanik"
"12","33","74","Gunungpati"
"13","33","74","Semarang Barat"
"14","33","74","Mijen"
"15","33","74","Ngaliyan"
"16","33","74","Tugu"
"01","33","75","Pekalongan Barat"
"02","33","75","Pekalongan Timur"
"03","33","75","Pekalongan Utara"
"04","33","75","Pekalongan Selatan"
"01","33","76","Tegal Barat"
"02","33","76","Tegal Timur"
"03","33","76","Tegal Selatan"
"04","33","76","Margadana"
"01","34","01","Temon"
"02","34","01","Wates"
"03","34","01","Panjatan"
"04","34","01","Galur"
"05","34","01","Lendah"
"06","34","01","Sentolo"
"07","34","01","Pengasih"
"08","34","01","Kokap"
"09","34","01","Girimulyo"
"10","34","01","Nanggulan"
"11","34","01","Samigaluh"
"12","34","01","Kalibawang"
"01","34","02","Srandakan"
"02","34","02","Sanden"
"03","34","02","Kretek"
"04","34","02","Pundong"
"05","34","02","Bambanglipuro"
"06","34","02","Pandak"
"07","34","02","Pajangan"
"08","34","02","Bantul"
"09","34","02","Jetis"
"10","34","02","Imogiri"
"11","34","02","Dlingo"
"12","34","02","Banguntapan"
"13","34","02","Pleret"
"14","34","02","Piyungan"
"15","34","02","Sewon"
"16","34","02","Kasihan"
"17","34","02","Sedayu"
"01","34","03","Wonosari"
"02","34","03","Nglipar"
"03","34","03","Playen"
"04","34","03","Patuk"
"05","34","03","Paliyan"
"06","34","03","Panggang"
"07","34","03","Tepus"
"08","34","03","Semanu"
"09","34","03","Karangmojo"
"10","34","03","Ponjong"
"11","34","03","Rongkop"
"12","34","03","Semin"
"13","34","03","Ngawen"
"14","34","03","Gedangsari"
"15","34","03","Saptosari"
"16","34","03","Girisubo"
"17","34","03","Tanjungsari"
"18","34","03","Purwosari"
"01","34","04","Gamping"
"02","34","04","Godean"
"03","34","04","Moyudan"
"04","34","04","Minggir"
"05","34","04","Seyegan"
"06","34","04","Mlati"
"07","34","04","Depok"
"08","34","04","Berbah"
"09","34","04","Prambanan"
"10","34","04","Kalasan"
"11","34","04","Ngemplak"
"12","34","04","Ngaglik"
"13","34","04","Sleman"
"14","34","04","Tempel"
"15","34","04","Turi"
"16","34","04","Pakem"
"17","34","04","Cangkringan"
"01","34","71","Tegalrejo"
"02","34","71","Jetis"
"03","34","71","Gondokusuman"
"04","34","71","Danurejan"
"05","34","71","Gedongtengen"
"06","34","71","Ngampilan"
"07","34","71","Wirobrajan"
"08","34","71","Mantrijeron"
"09","34","71","Kraton"
"10","34","71","Gondomanan"
"11","34","71","Pakualaman"
"12","34","71","Mergangsan"
"13","34","71","Umbulharjo"
"14","34","71","Kotagede"
"01","35","01","Donorojo"
"02","35","01","Pringkuku"
"03","35","01","Punung"
"04","35","01","Pacitan"
"05","35","01","Kebonagung"
"06","35","01","Arjosari"
"07","35","01","Nawangan"
"08","35","01","Bandar"
"09","35","01","Tegalombo"
"10","35","01","Tulakan"
"11","35","01","Ngadirojo"
"12","35","01","Sudimoro"
"01","35","02","Slahung"
"02","35","02","Ngrayun"
"03","35","02","Bungkal"
"04","35","02","Sambit"
"05","35","02","Sawoo"
"06","35","02","Sooko"
"07","35","02","Pulung"
"08","35","02","Mlarak"
"09","35","02","Jetis"
"10","35","02","Siman"
"11","35","02","Balong"
"12","35","02","Kauman"
"13","35","02","Badegan"
"14","35","02","Sampung"
"15","35","02","Sukorejo"
"16","35","02","Babadan"
"17","35","02","Ponorogo"
"18","35","02","Jenangan"
"19","35","02","Ngebel"
"20","35","02","Jambon"
"21","35","02","Pudak"
"01","35","03","Panggul"
"02","35","03","Munjungan"
"03","35","03","Pule"
"04","35","03","Dongko"
"05","35","03","Tugu"
"06","35","03","Karangan"
"07","35","03","Kampak"
"08","35","03","Watulimo"
"09","35","03","Bendungan"
"10","35","03","Gandusari"
"11","35","03","Trenggalek"
"12","35","03","Pogalan"
"13","35","03","Durenan"
"14","35","03","Suruh"
"01","35","04","Tulungagung"
"02","35","04","Boyolangu"
"03","35","04","Kedungwaru"
"04","35","04","Ngantru"
"05","35","04","Kauman"
"06","35","04","Pagerwojo"
"07","35","04","Sendang"
"08","35","04","Karangrejo"
"09","35","04","Gondang"
"10","35","04","Sumbergempol"
"11","35","04","Ngunut"
"12","35","04","Pucanglaban"
"13","35","04","Rejotangan"
"14","35","04","Kalidawir"
"15","35","04","Besuki"
"16","35","04","Campurdarat"
"17","35","04","Bandung"
"18","35","04","Pakel"
"19","35","04","Tanggunggunung"
"01","35","05","Wonodadi"
"02","35","05","Udanawu"
"03","35","05","Srengat"
"04","35","05","Kademangan"
"05","35","05","Bakung"
"06","35","05","Ponggok"
"07","35","05","Sanankulon"
"08","35","05","Wonotirto"
"09","35","05","Nglegok"
"10","35","05","Kanigoro"
"11","35","05","Garum"
"12","35","05","Sutojayan"
"13","35","05","Panggungrejo"
"14","35","05","Talun"
"15","35","05","Gandusari"
"16","35","05","Binangun"
"17","35","05","Wlingi"
"18","35","05","Doko"
"19","35","05","Kesamben"
"20","35","05","Wates"
"21","35","05","Selorejo"
"22","35","05","Selopuro"
"01","35","06","Semen"
"02","35","06","Mojo"
"03","35","06","Kras"
"04","35","06","Ngadiluwih"
"05","35","06","Kandat"
"06","35","06","Wates"
"07","35","06","Ngancar"
"08","35","06","Puncu"
"09","35","06","Plosoklaten"
"10","35","06","Gurah"
"11","35","06","Pagu"
"12","35","06","Gampengrejo"
"13","35","06","Grogol"
"14","35","06","Papar"
"15","35","06","Purwoasri"
"16","35","06","Plemahan"
"17","35","06","Pare"
"18","35","06","Kepung"
"19","35","06","Kandangan"
"20","35","06","Tarokan"
"21","35","06","Kunjang"
"22","35","06","Banyakan"
"23","35","06","Ringinrejo"
"24","35","06","Kayen Kidul"
"25","35","06","Ngasem"
"26","35","06","Badas"
"01","35","07","Donomulyo"
"02","35","07","Pagak"
"03","35","07","Bantur"
"04","35","07","Sumbermanjing Wetan"
"05","35","07","Dampit"
"06","35","07","Ampelgading"
"07","35","07","Poncokusumo"
"08","35","07","Wajak"
"09","35","07","Turen"
"10","35","07","Gondanglegi"
"11","35","07","Kalipare"
"12","35","07","Sumberpucung"
"13","35","07","Kepanjen"
"14","35","07","Bululawang"
"15","35","07","Tajinan"
"16","35","07","Tumpang"
"17","35","07","Jabung"
"18","35","07","Pakis"
"19","35","07","Pakisaji"
"20","35","07","Ngajum"
"21","35","07","Wagir"
"22","35","07","Dau"
"23","35","07","Karangploso"
"24","35","07","Singosari"
"25","35","07","Lawang"
"26","35","07","Pujon"
"27","35","07","Ngantang"
"28","35","07","Kasembon"
"29","35","07","Gedangan"
"30","35","07","Tirtoyudo"
"31","35","07","Kromengan"
"32","35","07","Wonosari"
"33","35","07","Pagelaran"
"01","35","08","Tempursari"
"02","35","08","Pronojiwo"
"03","35","08","Candipuro"
"04","35","08","Pasirian"
"05","35","08","Tempeh"
"06","35","08","Kunir"
"07","35","08","Yosowilangun"
"08","35","08","Rowokangkung"
"09","35","08","Tekung"
"10","35","08","Lumajang"
"11","35","08","Pasrujambe"
"12","35","08","Senduro"
"13","35","08","Gucialit"
"14","35","08","Padang"
"15","35","08","Sukodono"
"16","35","08","Kedungjajang"
"17","35","08","Jatiroto"
"18","35","08","Randuagung"
"19","35","08","Klakah"
"20","35","08","Ranuyoso"
"21","35","08","Sumbersuko"
"01","35","09","Jombang"
"02","35","09","Kencong"
"03","35","09","Sumberbaru"
"04","35","09","Gumukmas"
"05","35","09","Umbulsari"
"06","35","09","Tanggul"
"07","35","09","Semboro"
"08","35","09","Puger"
"09","35","09","Bangsalsari"
"10","35","09","Balung"
"11","35","09","Wuluhan"
"12","35","09","Ambulu"
"13","35","09","Rambipuji"
"14","35","09","Panti"
"15","35","09","Sukorambi"
"16","35","09","Jenggawah"
"17","35","09","Ajung"
"18","35","09","Tempurejo"
"19","35","09","Kaliwates"
"20","35","09","Patrang"
"21","35","09","Sumbersari"
"22","35","09","Arjasa"
"23","35","09","Mumbulsari"
"24","35","09","Pakusari"
"25","35","09","Jelbuk"
"26","35","09","Mayang"
"27","35","09","Kalisat"
"28","35","09","Ledokombo"
"29","35","09","Sukowono"
"30","35","09","Silo"
"31","35","09","Sumberjambe"
"01","35","10","Pesanggaran"
"02","35","10","Bangorejo"
"03","35","10","Purwoharjo"
"04","35","10","Tegaldlimo"
"05","35","10","Muncar"
"06","35","10","Cluring"
"07","35","10","Gambiran"
"08","35","10","Srono"
"09","35","10","Genteng"
"10","35","10","Glenmore"
"11","35","10","Kalibaru"
"12","35","10","Singojuruh"
"13","35","10","Rogojampi"
"14","35","10","Kabat"
"15","35","10","Glagah"
"16","35","10","Banyuwangi"
"17","35","10","Giri"
"18","35","10","Wongsorejo"
"19","35","10","Songgon"
"20","35","10","Sempu"
"21","35","10","Kalipuro"
"22","35","10","Siliragung"
"23","35","10","Tegalsari"
"24","35","10","Licin"
"25","35","10","Blimbingsari"
"01","35","11","Maesan"
"02","35","11","Tamanan"
"03","35","11","Tlogosari"
"04","35","11","Sukosari"
"05","35","11","Pujer"
"06","35","11","Grujugan"
"07","35","11","Curahdami"
"08","35","11","Tenggarang"
"09","35","11","Wonosari"
"10","35","11","Tapen"
"11","35","11","Bondowoso"
"12","35","11","Wringin"
"13","35","11","Tegalampel"
"14","35","11","Klabang"
"15","35","11","Cermee"
"16","35","11","Prajekan"
"17","35","11","Pakem"
"18","35","11","Sumberwringin"
"19","35","11","Sempol"
"20","35","11","Binakal"
"21","35","11","Taman Krocok"
"22","35","11","Botolinggo"
"23","35","11","Jambesari Darus Sholah"
"01","35","12","Jatibanteng"
"02","35","12","Besuki"
"03","35","12","Suboh"
"04","35","12","Mlandingan"
"05","35","12","Kendit"
"06","35","12","Panarukan"
"07","35","12","Situbondo"
"08","35","12","Panji"
"09","35","12","Mangaran"
"10","35","12","Kapongan"
"11","35","12","Arjasa"
"12","35","12","Jangkar"
"13","35","12","Asembagus"
"14","35","12","Banyuputih"
"15","35","12","Sumbermalang"
"16","35","12","Banyuglugur"
"17","35","12","Bungatan"
"01","35","13","Sukapura"
"02","35","13","Sumber"
"03","35","13","Kuripan"
"04","35","13","Bantaran"
"05","35","13","Leces"
"06","35","13","Banyuanyar"
"07","35","13","Tiris"
"08","35","13","Krucil"
"09","35","13","Gading"
"10","35","13","Pakuniran"
"11","35","13","Kotaanyar"
"12","35","13","Paiton"
"13","35","13","Besuk"
"14","35","13","Kraksaan"
"15","35","13","Krejengan"
"16","35","13","Pajarakan"
"17","35","13","Maron"
"18","35","13","Gending"
"19","35","13","Dringu"
"20","35","13","Tegalsiwalan"
"21","35","13","Sumberasih"
"22","35","13","Wonomerto"
"23","35","13","Tongas"
"24","35","13","Lumbang"
"01","35","14","Purwodadi"
"02","35","14","Tutur"
"03","35","14","Puspo"
"04","35","14","Lumbang"
"05","35","14","Pasrepan"
"06","35","14","Kejayan"
"07","35","14","Wonorejo"
"08","35","14","Purwosari"
"09","35","14","Sukorejo"
"10","35","14","Prigen"
"11","35","14","Pandaan"
"12","35","14","Gempol"
"13","35","14","Beji"
"14","35","14","Bangil"
"15","35","14","Rembang"
"16","35","14","Kraton"
"17","35","14","Pohjentrek"
"18","35","14","Gondangwetan"
"19","35","14","Winongan"
"20","35","14","Grati"
"21","35","14","Nguling"
"22","35","14","Lekok"
"23","35","14","Rejoso"
"24","35","14","Tosari"
"01","35","15","Tarik"
"02","35","15","Prambon"
"03","35","15","Krembung"
"04","35","15","Porong"
"05","35","15","Jabon"
"06","35","15","Tanggulangin"
"07","35","15","Candi"
"08","35","15","Sidoarjo"
"09","35","15","Tulangan"
"10","35","15","Wonoayu"
"11","35","15","Krian"
"12","35","15","Balongbendo"
"13","35","15","Taman"
"14","35","15","Sukodono"
"15","35","15","Buduran"
"16","35","15","Gedangan"
"17","35","15","Sedati"
"18","35","15","Waru"
"01","35","16","Jatirejo"
"02","35","16","Gondang"
"03","35","16","Pacet"
"04","35","16","Trawas"
"05","35","16","Ngoro"
"06","35","16","Pungging"
"07","35","16","Kutorejo"
"08","35","16","Mojosari"
"09","35","16","Dlanggu"
"10","35","16","Bangsal"
"11","35","16","Puri"
"12","35","16","Trowulan"
"13","35","16","Sooko"
"14","35","16","Gedeg"
"15","35","16","Kemlagi"
"16","35","16","Jetis"
"17","35","16","Dawarblandong"
"18","35","16","Mojoanyar"
"01","35","17","Perak"
"02","35","17","Gudo"
"03","35","17","Ngoro"
"04","35","17","Bareng"
"05","35","17","Wonosalam"
"06","35","17","Mojoagung"
"07","35","17","Mojowarno"
"08","35","17","Diwek"
"09","35","17","Jombang"
"10","35","17","Peterongan"
"11","35","17","Sumobito"
"12","35","17","Kesamben"
"13","35","17","Tembelang"
"14","35","17","Ploso"
"15","35","17","Plandaan"
"16","35","17","Kabuh"
"17","35","17","Kudu"
"18","35","17","Bandarkedungmulyo"
"19","35","17","Jogoroto"
"20","35","17","Megaluh"
"21","35","17","Ngusikan"
"01","35","18","Sawahan"
"02","35","18","Ngetos"
"03","35","18","Berbek"
"04","35","18","Loceret"
"05","35","18","Pace"
"06","35","18","Prambon"
"07","35","18","Ngronggot"
"08","35","18","Kertosono"
"09","35","18","Patianrowo"
"10","35","18","Baron"
"11","35","18","Tanjunganom"
"12","35","18","Sukomoro"
"13","35","18","Nganjuk"
"14","35","18","Bagor"
"15","35","18","Wilangan"
"16","35","18","Rejoso"
"17","35","18","Gondang"
"18","35","18","Ngluyu"
"19","35","18","Lengkong"
"20","35","18","Jatikalen"
"01","35","19","Kebonsari"
"02","35","19","Dolopo"
"03","35","19","Geger"
"04","35","19","Dagangan"
"05","35","19","Kare"
"06","35","19","Gemarang"
"07","35","19","Wungu"
"08","35","19","Madiun"
"09","35","19","Jiwan"
"10","35","19","Balerejo"
"11","35","19","Mejayan"
"12","35","19","Saradan"
"13","35","19","Pilangkenceng"
"14","35","19","Sawahan"
"15","35","19","Wonoasri"
"01","35","20","Poncol"
"02","35","20","Parang"
"03","35","20","Lembeyan"
"04","35","20","Takeran"
"05","35","20","Kawedanan"
"06","35","20","Magetan"
"07","35","20","Plaosan"
"08","35","20","Panekan"
"09","35","20","Sukomoro"
"10","35","20","Bendo"
"11","35","20","Maospati"
"12","35","20","Barat"
"13","35","20","Karangrejo"
"14","35","20","Karas"
"15","35","20","Kartoharjo"
"16","35","20","Ngariboyo"
"17","35","20","Nguntoronadi"
"18","35","20","Sidorejo"
"01","35","21","Sine"
"02","35","21","Ngrambe"
"03","35","21","Jogorogo"
"04","35","21","Kendal"
"05","35","21","Geneng"
"06","35","21","Kwadungan"
"07","35","21","Karangjati"
"08","35","21","Padas"
"09","35","21","Ngawi"
"10","35","21","Paron"
"11","35","21","Kedunggalar"
"12","35","21","Widodaren"
"13","35","21","Mantingan"
"14","35","21","Pangkur"
"15","35","21","Bringin"
"16","35","21","Pitu"
"17","35","21","Karanganyar"
"18","35","21","Gerih"
"19","35","21","Kasreman"
"01","35","22","Ngraho"
"02","35","22","Tambakrejo"
"03","35","22","Ngambon"
"04","35","22","Ngasem"
"05","35","22","Bubulan"
"06","35","22","Dander"
"07","35","22","Sugihwaras"
"08","35","22","Kedungadem"
"09","35","22","Kepohbaru"
"10","35","22","Baureno"
"11","35","22","Kanor"
"12","35","22","Sumberrejo"
"13","35","22","Balen"
"14","35","22","Kapas"
"15","35","22","Bojonegoro"
"16","35","22","Kalitidu"
"17","35","22","Malo"
"18","35","22","Purwosari"
"19","35","22","Padangan"
"20","35","22","Kasiman"
"21","35","22","Temayang"
"22","35","22","Margomulyo"
"23","35","22","Trucuk"
"24","35","22","Sukosewu"
"25","35","22","Kedewan"
"26","35","22","Gondang"
"27","35","22","Sekar"
"28","35","22","Gayam"
"01","35","23","Kenduruan"
"02","35","23","Jatirogo"
"03","35","23","Bangilan"
"04","35","23","Bancar"
"05","35","23","Senori"
"06","35","23","Tambakboyo"
"07","35","23","Singgahan"
"08","35","23","Kerek"
"09","35","23","Parengan"
"10","35","23","Montong"
"11","35","23","Soko"
"12","35","23","Jenu"
"13","35","23","Merakurak"
"14","35","23","Rengel"
"15","35","23","Semanding"
"16","35","23","Tuban"
"17","35","23","Plumpang"
"18","35","23","Palang"
"19","35","23","Widang"
"20","35","23","Grabagan"
"01","35","24","Sukorame"
"02","35","24","Bluluk"
"03","35","24","Modo"
"04","35","24","Ngimbang"
"05","35","24","Babat"
"06","35","24","Kedungpring"
"07","35","24","Brondong"
"08","35","24","Laren"
"09","35","24","Sekaran"
"10","35","24","Maduran"
"11","35","24","Sambeng"
"12","35","24","Sugio"
"13","35","24","Pucuk"
"14","35","24","Paciran"
"15","35","24","Solokuro"
"16","35","24","Mantup"
"17","35","24","Sukodadi"
"18","35","24","Karanggeneng"
"19","35","24","Kembangbahu"
"20","35","24","Kalitengah"
"21","35","24","Turi"
"22","35","24","Lamongan"
"23","35","24","Tikung"
"24","35","24","Karangbinangun"
"25","35","24","Deket"
"26","35","24","Glagah"
"27","35","24","Sarirejo"
"01","35","25","Dukun"
"02","35","25","Balongpanggang"
"03","35","25","Panceng"
"04","35","25","Benjeng"
"05","35","25","Duduksampeyan"
"06","35","25","Wringinanom"
"07","35","25","Ujungpangkah"
"08","35","25","Kedamean"
"09","35","25","Sidayu"
"10","35","25","Manyar"
"11","35","25","Cerme"
"12","35","25","Bungah"
"13","35","25","Menganti"
"14","35","25","Kebomas"
"15","35","25","Driyorejo"
"16","35","25","Gresik"
"17","35","25","Sangkapura"
"18","35","25","Tambak"
"01","35","26","Bangkalan"
"02","35","26","Socah"
"03","35","26","Burneh"
"04","35","26","Kamal"
"05","35","26","Arosbaya"
"06","35","26","Geger"
"07","35","26","Klampis"
"08","35","26","Sepulu"
"09","35","26","Tanjung Bumi"
"10","35","26","Kokop"
"11","35","26","Kwanyar"
"12","35","26","Labang"
"13","35","26","Tanah Merah"
"14","35","26","Tragah"
"15","35","26","Blega"
"16","35","26","Modung"
"17","35","26","Konang"
"18","35","26","Galis"
"01","35","27","Sreseh"
"02","35","27","Torjun"
"03","35","27","Sampang"
"04","35","27","Camplong"
"05","35","27","Omben"
"06","35","27","Kedungdung"
"07","35","27","Jrengik"
"08","35","27","Tambelangan"
"09","35","27","Banyuates"
"10","35","27","Robatal"
"11","35","27","Sokobanah"
"12","35","27","Ketapang"
"13","35","27","Pangarengan"
"14","35","27","Karangpenang"
"01","35","28","Tlanakan"
"02","35","28","Pademawu"
"03","35","28","Galis"
"04","35","28","Pamekasan"
"05","35","28","Proppo"
"06","35","28","Palengaan"
"07","35","28","Pegantenan"
"08","35","28","Larangan"
"09","35","28","Pakong"
"10","35","28","Waru"
"11","35","28","Batumarmar"
"12","35","28","Kadur"
"13","35","28","Pasean"
"01","35","29","Kota Sumenep"
"02","35","29","Kalianget"
"03","35","29","Manding"
"04","35","29","Talango"
"05","35","29","Bluto"
"06","35","29","Saronggi"
"07","35","29","Lenteng"
"08","35","29","Giliginting"
"09","35","29","Guluk-Guluk"
"10","35","29","Ganding"
"11","35","29","Pragaan"
"12","35","29","Ambunten"
"13","35","29","Pasongsongan"
"14","35","29","Dasuk"
"15","35","29","Rubaru"
"16","35","29","Batang Batang"
"17","35","29","Batuputih"
"18","35","29","Dungkek"
"19","35","29","Gapura"
"20","35","29","Gayam"
"21","35","29","Nonggunong"
"22","35","29","Ra'as"
"23","35","29","Masalembu"
"24","35","29","Arjasa"
"25","35","29","Sapeken"
"26","35","29","Batuan"
"27","35","29","Kangayan"
"01","35","71","Mojoroto"
"02","35","71","Kota"
"03","35","71","Pesantren"
"01","35","72","Kepanjenkidul"
"02","35","72","Sukorejo"
"03","35","72","Sananwetan"
"01","35","73","Blimbing"
"02","35","73","Klojen"
"03","35","73","Kedungkandang"
"04","35","73","Sukun"
"05","35","73","Lowokwaru"
"01","35","74","Kademangan"
"02","35","74","Wonoasih"
"03","35","74","Mayangan"
"04","35","74","Kanigaran"
"05","35","74","Kedopok"
"01","35","75","Gadingrejo"
"02","35","75","Purworejo"
"03","35","75","Bugul Kidul"
"04","35","75","Panggungrejo"
"01","35","76","Prajuritkulon"
"02","35","76","Magersari"
"03","35","76","Kranggan"
"01","35","77","Kartoharjo"
"02","35","77","Manguharjo"
"03","35","77","Taman"
"01","35","78","Karang Pilang"
"02","35","78","Wonocolo"
"03","35","78","Rungkut"
"04","35","78","Wonokromo"
"05","35","78","Tegalsari"
"06","35","78","Sawahan"
"07","35","78","Genteng"
"08","35","78","Gubeng"
"09","35","78","Sukolilo"
"10","35","78","Tambaksari"
"11","35","78","Simokerto"
"12","35","78","Pabean Cantian"
"13","35","78","Bubutan"
"14","35","78","Tandes"
"15","35","78","Krembangan"
"16","35","78","Semampir"
"17","35","78","Kenjeran"
"18","35","78","Lakarsantri"
"19","35","78","Benowo"
"20","35","78","Wiyung"
"21","35","78","Dukuh Pakis"
"22","35","78","Gayungan"
"23","35","78","Jambangan"
"24","35","78","Tenggilis Mejoyo"
"25","35","78","Gunung Anyar"
"26","35","78","Mulyorejo"
"27","35","78","Sukomanunggal"
"28","35","78","Asem Rowo"
"29","35","78","Bulak"
"30","35","78","Pakal"
"31","35","78","Sambikerep"
"01","35","79","Batu"
"02","35","79","Bumiaji"
"03","35","79","Junrejo"
"01","36","01","Sumur"
"02","36","01","Cimanggu"
"03","36","01","Cibaliung"
"04","36","01","Cikeusik"
"05","36","01","Cigeulis"
"06","36","01","Panimbang"
"07","36","01","Angsana"
"08","36","01","Munjul"
"09","36","01","Pagelaran"
"10","36","01","Bojong"
"11","36","01","Picung"
"12","36","01","Labuan"
"13","36","01","Menes"
"14","36","01","Saketi"
"15","36","01","Cipeucang"
"16","36","01","Jiput"
"17","36","01","Mandalawangi"
"18","36","01","Cimanuk"
"19","36","01","Kaduhejo"
"20","36","01","Banjar"
"21","36","01","Pandeglang"
"22","36","01","Cadasari"
"23","36","01","Cisata"
"24","36","01","Patia"
"25","36","01","Karang Tanjung"
"26","36","01","Cikedal"
"27","36","01","Cibitung"
"28","36","01","Carita"
"29","36","01","Sukaresmi"
"30","36","01","Mekarjaya"
"31","36","01","Sindangresmi"
"32","36","01","Pulosari"
"33","36","01","Koroncong"
"34","36","01","Majasari"
"35","36","01","Sobang"
"01","36","02","Malingping"
"02","36","02","Panggarangan"
"03","36","02","Bayah"
"04","36","02","Cipanas"
"05","36","02","Muncang"
"06","36","02","Leuwidamar"
"07","36","02","Bojongmanik"
"08","36","02","Gunungkencana"
"09","36","02","Banjarsari"
"10","36","02","Cileles"
"11","36","02","Cimarga"
"12","36","02","Sajira"
"13","36","02","Maja"
"14","36","02","Rangkasbitung"
"15","36","02","Warunggunung"
"16","36","02","Cijaku"
"17","36","02","Cikulur"
"18","36","02","Cibadak"
"19","36","02","Cibeber"
"20","36","02","Cilograng"
"21","36","02","Wanasalam"
"22","36","02","Sobang"
"23","36","02","Curugbitung"
"24","36","02","Kalanganyar"
"25","36","02","Lebakgedong"
"26","36","02","Cihara"
"27","36","02","Cirinten"
"28","36","02","Cigemblong"
"01","36","03","Balaraja"
"02","36","03","Jayanti"
"03","36","03","Tigaraksa"
"04","36","03","Jambe"
"05","36","03","Cisoka"
"06","36","03","Kresek"
"07","36","03","Kronjo"
"08","36","03","Mauk"
"09","36","03","Kemiri"
"10","36","03","Sukadiri"
"11","36","03","Rajeg"
"12","36","03","Pasar Kemis"
"13","36","03","Teluknaga"
"14","36","03","Kosambi"
"15","36","03","Pakuhaji"
"16","36","03","Sepatan"
"17","36","03","Curug"
"18","36","03","Cikupa"
"19","36","03","Panongan"
"20","36","03","Legok"
"22","36","03","Pagedangan"
"23","36","03","Cisauk"
"27","36","03","Sukamulya"
"28","36","03","Kelapa Dua"
"29","36","03","Sindang Jaya"
"30","36","03","Sepatan Timur"
"31","36","03","Solear"
"32","36","03","Gunung Kaler"
"33","36","03","Mekar Baru"
"05","36","04","Kramatwatu"
"06","36","04","Waringinkurung"
"07","36","04","Bojonegara"
"08","36","04","Pulo Ampel"
"09","36","04","Ciruas"
"11","36","04","Kragilan"
"12","36","04","Pontang"
"13","36","04","Tirtayasa"
"14","36","04","Tanara"
"15","36","04","Cikande"
"16","36","04","Kibin"
"17","36","04","Carenang"
"18","36","04","Binuang"
"19","36","04","Petir"
"20","36","04","Tunjung Teja"
"22","36","04","Baros"
"23","36","04","Cikeusal"
"24","36","04","Pamarayan"
"25","36","04","Kopo"
"26","36","04","Jawilan"
"27","36","04","Ciomas"
"28","36","04","Pabuaran"
"29","36","04","Padarincang"
"30","36","04","Anyar"
"31","36","04","Cinangka"
"32","36","04","Mancak"
"33","36","04","Gunungsari"
"34","36","04","Bandung"
"35","36","04","Lebak Wangi"
"01","36","71","Tangerang"
"02","36","71","Jatiuwung"
"03","36","71","Batuceper"
"04","36","71","Benda"
"05","36","71","Cipondoh"
"06","36","71","Ciledug"
"07","36","71","Karawaci"
"08","36","71","Periuk"
"09","36","71","Cibodas"
"10","36","71","Neglasari"
"11","36","71","Pinang"
"12","36","71","Karang Tengah"
"13","36","71","Larangan"
"01","36","72","Cibeber"
"02","36","72","Cilegon"
"03","36","72","Pulomerak"
"04","36","72","Ciwandan"
"05","36","72","Jombang"
"06","36","72","Gerogol"
"07","36","72","Purwakarta"
"08","36","72","Citangkil"
"01","36","73","Serang"
"02","36","73","Kasemen"
"03","36","73","Walantaka"
"04","36","73","Curug"
"05","36","73","Cipocok Jaya"
"06","36","73","Taktakan"
"01","36","74","Serpong"
"02","36","74","Serpong Utara"
"03","36","74","Pondok Aren"
"04","36","74","Ciputat"
"05","36","74","Ciputat Timur"
"06","36","74","Pamulang"
"07","36","74","Setu"
"01","51","01","Negara"
"02","51","01","Mendoyo"
"03","51","01","Pekutatan"
"04","51","01","Melaya"
"05","51","01","Jembrana"
"01","51","02","Selemadeg"
"02","51","02","Selemadeg Timur"
"03","51","02","Selemadeg Barat"
"04","51","02","Kerambitan"
"05","51","02","Tabanan"
"06","51","02","Kediri"
"07","51","02","Marga"
"08","51","02","Penebel"
"09","51","02","Baturiti"
"10","51","02","Pupuan"
"01","51","03","Kuta"
"02","51","03","Mengwi"
"03","51","03","Abiansemal"
"04","51","03","Petang"
"05","51","03","Kuta Selatan"
"06","51","03","Kuta Utara"
"01","51","04","Sukawati"
"02","51","04","Blahbatuh"
"03","51","04","Gianyar"
"04","51","04","Tampaksiring"
"05","51","04","Ubud"
"06","51","04","Tegallalang"
"07","51","04","Payangan"
"01","51","05","Nusa Penida"
"02","51","05","Banjarangkan"
"03","51","05","Klungkung"
"04","51","05","Dawan"
"01","51","06","Susut"
"02","51","06","Bangli"
"03","51","06","Tembuku"
"04","51","06","Kintamani"
"01","51","07","Rendang"
"02","51","07","Sidemen"
"03","51","07","Manggis"
"04","51","07","Karangasem"
"05","51","07","Abang"
"06","51","07","Bebandem"
"07","51","07","Selat"
"08","51","07","Kubu"
"01","51","08","Gerokgak"
"02","51","08","Seririt"
"03","51","08","Busungbiu"
"04","51","08","Banjar"
"05","51","08","Sukasada"
"06","51","08","Buleleng"
"07","51","08","Sawan"
"08","51","08","Kubutambahan"
"09","51","08","Tejakula"
"01","51","71","Denpasar Selatan"
"02","51","71","Denpasar Timur"
"03","51","71","Denpasar Barat"
"04","51","71","Denpasar Utara"
"01","52","01","Gerung"
"02","52","01","Kediri"
"03","52","01","Narmada"
"07","52","01","Sekotong"
"08","52","01","Labuapi"
"09","52","01","Gunungsari"
"12","52","01","Lingsar"
"13","52","01","Lembar"
"14","52","01","Batu Layar"
"15","52","01","Kuripan"
"01","52","02","Praya"
"02","52","02","Jonggat"
"03","52","02","Batukliang"
"04","52","02","Pujut"
"05","52","02","Praya Barat"
"06","52","02","Praya Timur"
"07","52","02","Janapria"
"08","52","02","Pringgarata"
"09","52","02","Kopang"
"10","52","02","Praya Tengah"
"11","52","02","Praya Barat Daya"
"12","52","02","Batukliang Utara"
"01","52","03","Keruak"
"02","52","03","Sakra"
"03","52","03","Terara"
"04","52","03","Sikur"
"05","52","03","Masbagik"
"06","52","03","Sukamulia"
"07","52","03","Selong"
"08","52","03","Pringgabaya"
"09","52","03","Aikmel"
"10","52","03","Sambelia"
"11","52","03","Montong Gading"
"12","52","03","Pringgasela"
"13","52","03","Suralaga"
"14","52","03","Wanasaba"
"15","52","03","Sembalun"
"16","52","03","Suwela"
"17","52","03","Labuhan Haji"
"18","52","03","Sakra Timur"
"19","52","03","Sakra Barat"
"20","52","03","Jerowaru"
"21","52","03","Lenek"
"02","52","04","Lunyuk"
"05","52","04","Alas"
"06","52","04","Utan"
"07","52","04","Batu Lanteh"
"08","52","04","Sumbawa"
"09","52","04","Moyo Hilir"
"10","52","04","Moyo Hulu"
"11","52","04","Ropang"
"12","52","04","Lape"
"13","52","04","Plampang"
"14","52","04","Empang"
"17","52","04","Alas Barat"
"18","52","04","Labuhan Badas"
"19","52","04","Labangka"
"20","52","04","Buer"
"21","52","04","Rhee"
"22","52","04","Unter Iwes"
"23","52","04","Moyo Utara"
"24","52","04","Maronge"
"25","52","04","Tarano"
"26","52","04","Lopok"
"27","52","04","Lenangguar"
"28","52","04","Orong Telu"
"29","52","04","Lantung"
"01","52","05","Dompu"
"02","52","05","Kempo"
"03","52","05","Hu'u"
"04","52","05","Kilo"
"05","52","05","Woja"
"06","52","05","Pekat"
"07","52","05","Manggalewa"
"08","52","05","Pajo"
"01","52","06","Monta"
"02","52","06","Bolo"
"03","52","06","Woha"
"04","52","06","Belo"
"05","52","06","Wawo"
"06","52","06","Sape"
"07","52","06","Wera"
"08","52","06","Donggo"
"09","52","06","Sanggar"
"10","52","06","Ambalawi"
"11","52","06","Langgudu"
"12","52","06","Lambu"
"13","52","06","Madapangga"
"14","52","06","Tambora"
"15","52","06","Soromandi"
"16","52","06","Parado"
"17","52","06","Lambitu"
"18","52","06","Palibelo"
"01","52","07","Jereweh"
"02","52","07","Taliwang"
"03","52","07","Seteluk"
"04","52","07","Sekongkang"
"05","52","07","Brang Rea"
"06","52","07","Poto Tano"
"07","52","07","Brang Ene"
"08","52","07","Maluk"
"01","52","08","Tanjung"
"02","52","08","Gangga"
"03","52","08","Kayangan"
"04","52","08","Bayan"
"05","52","08","Pemenang"
"01","52","71","Ampenan"
"02","52","71","Mataram"
"03","52","71","Cakranegara"
"04","52","71","Sekarbela"
"05","52","71","Selaparang"
"06","52","71","Sandubaya"
"01","52","72","Rasanae Barat"
"02","52","72","Rasanae Timur"
"03","52","72","Asakota"
"04","52","72","Raba"
"05","52","72","Mpunda"
"04","53","01","Semau"
"05","53","01","Kupang Barat"
"06","53","01","Kupang Timur"
"07","53","01","Sulamu"
"08","53","01","Kupang Tengah"
"09","53","01","Amarasi"
"10","53","01","Fatuleu"
"11","53","01","Takari"
"12","53","01","Amfoang Selatan"
"13","53","01","Amfoang Utara"
"16","53","01","Nekamese"
"17","53","01","Amarasi Barat"
"18","53","01","Amarasi Selatan"
"19","53","01","Amarasi Timur"
"20","53","01","Amabi Oefeto Timur"
"21","53","01","Amfoang Barat Daya"
"22","53","01","Amfoang Barat Laut"
"23","53","01","Semau Selatan"
"24","53","01","Taebenu"
"25","53","01","Amabi Oefeto"
"26","53","01","Amfoang Timur"
"27","53","01","Fatuleu Barat"
"28","53","01","Fatuleu Tengah"
"30","53","01","Amfoang Tengah"
"01","53","02","Kota Soe"
"02","53","02","Mollo Selatan"
"03","53","02","Mollo Utara"
"04","53","02","Amanuban Timur"
"05","53","02","Amanuban Tengah"
"06","53","02","Amanuban Selatan"
"07","53","02","Amanuban Barat"
"08","53","02","Amanatun Selatan"
"09","53","02","Amanatun Utara"
"10","53","02","KI'E"
"11","53","02","Kuanfatu"
"12","53","02","Fatumnasi"
"13","53","02","Polen"
"14","53","02","Batu Putih"
"15","53","02","Boking"
"16","53","02","Toianas"
"17","53","02","Nunkolo"
"18","53","02","Oenino"
"19","53","02","Kolbano"
"20","53","02","Kot olin"
"21","53","02","Kualin"
"22","53","02","Mollo Barat"
"23","53","02","Kok Baun"
"24","53","02","Noebana"
"25","53","02","Santian"
"26","53","02","Noebeba"
"27","53","02","Kuatnana"
"28","53","02","Fautmolo"
"29","53","02","Fatukopa"
"30","53","02","Mollo Tengah"
"31","53","02","Tobu"
"32","53","02","Nunbena"
"01","53","03","Miomaffo Timur"
"02","53","03","Miomaffo Barat"
"03","53","03","Biboki Selatan"
"04","53","03","Noemuti"
"05","53","03","Kota Kefamenanu"
"06","53","03","Biboki Utara"
"07","53","03","Biboki Anleu"
"08","53","03","Insana"
"09","53","03","Insana Utara"
"10","53","03","Noemuti Timur"
"11","53","03","Miomaffo Tengah"
"12","53","03","Musi"
"13","53","03","Mutis"
"14","53","03","Bikomi Selatan"
"15","53","03","Bikomi Tengah"
"16","53","03","Bikomi Nilulat"
"17","53","03","Bikomi Utara"
"18","53","03","Naibenu"
"19","53","03","Insana Fafinesu"
"20","53","03","Insana Barat"
"21","53","03","Insana Tengah"
"22","53","03","Biboki Tan Pah"
"23","53","03","Biboki Moenleu"
"24","53","03","Biboki Feotleu"
"01","53","04","Lamaknen"
"02","53","04","Tasifeto Timur"
"03","53","04","Raihat"
"04","53","04","Tasifeto Barat"
"05","53","04","Kakuluk Mesak"
"12","53","04","Kota Atambua"
"13","53","04","Raimanuk"
"17","53","04","Lasiolat"
"18","53","04","Lamaknen Selatan"
"21","53","04","Atambua Barat"
"22","53","04","Atambua Selatan"
"23","53","04","Nanaet Duabesi"
"01","53","05","Teluk Mutiara"
"02","53","05","Alor Barat Laut"
"03","53","05","Alor Barat Daya"
"04","53","05","Alor Selatan"
"05","53","05","Alor Timur"
"06","53","05","Pantar"
"07","53","05","Alor Tengah Utara"
"08","53","05","Alor Timur Laut"
"09","53","05","Pantar Barat"
"10","53","05","Kabola"
"11","53","05","Pulau Pura"
"12","53","05","Mataru"
"13","53","05","Pureman"
"14","53","05","Pantar Timur"
"15","53","05","Lembur"
"16","53","05","Pantar Tengah"
"17","53","05","Pantar Barat Laut"
"18","53","05","Abad Selatan"
"01","53","06","Wulanggitang"
"02","53","06","Titehena"
"03","53","06","Larantuka"
"04","53","06","Ile Mandiri"
"05","53","06","Tanjung Bunga"
"06","53","06","Solor Barat"
"07","53","06","Solor Timur"
"08","53","06","Adonara Barat"
"09","53","06","Wotan Ulumando"
"10","53","06","Adonara Timur"
"11","53","06","Kelubagolit"
"12","53","06","Witihama"
"13","53","06","Ile Boleng"
"14","53","06","Demon Pagong"
"15","53","06","Lewolema"
"16","53","06","Ile Bura"
"17","53","06","Adonara"
"18","53","06","Adonara Tengah"
"19","53","06","Solor Selatan"
"01","53","07","Paga"
"02","53","07","Mego"
"03","53","07","Lela"
"04","53","07","Nita"
"05","53","07","Alok"
"06","53","07","Palue"
"07","53","07","Nelle"
"08","53","07","Talibura"
"09","53","07","Waigete"
"10","53","07","Kewapante"
"11","53","07","Bola"
"12","53","07","Magepanda"
"13","53","07","Waiblama"
"14","53","07","Alok Barat"
"15","53","07","Alok Timur"
"16","53","07","Koting"
"17","53","07","Tana Wawo"
"18","53","07","Hewokloang"
"19","53","07","Kangae"
"20","53","07","Doreng"
"21","53","07","Mapitara"
"01","53","08","Nangapanda"
"02","53","08","Pulau Ende"
"03","53","08","Ende"
"04","53","08","Ende Selatan"
"05","53","08","Ndona"
"06","53","08","Detusoko"
"07","53","08","Wewaria"
"08","53","08","Wolowaru"
"09","53","08","Wolojita"
"10","53","08","Maurole"
"11","53","08","Maukaro"
"12","53","08","Lio Timur"
"13","53","08","Kota Baru"
"14","53","08","Kelimutu"
"15","53","08","Detukeli"
"16","53","08","Ndona Timur"
"17","53","08","Ndori"
"18","53","08","Ende Utara"
"19","53","08","Ende Tengah"
"20","53","08","Ende Timur"
"21","53","08","Lepembusu Kelisoke"
"01","53","09","Aimere"
"02","53","09","Golewa"
"06","53","09","Bajawa"
"07","53","09","Soa"
"09","53","09","Riung"
"12","53","09","Jerebuu"
"14","53","09","Riung Barat"
"15","53","09","Bajawa Utara"
"16","53","09","Wolomeze"
"18","53","09","Golewa Selatan"
"19","53","09","Golewa Barat"
"20","53","09","Inerie"
"01","53","10","Wae Rii"
"03","53","10","Ruteng"
"05","53","10","Satar Mese"
"06","53","10","Cibal"
"11","53","10","Reok"
"12","53","10","Langke Rembong"
"13","53","10","Satar Mese Barat"
"14","53","10","Rahong Utara"
"15","53","10","Lelak"
"16","53","10","Reok Barat"
"17","53","10","Cibal barat"
"18","53","10","Satar Mese Utara"
"01","53","11","Kota Waingapu"
"02","53","11","Haharu"
"03","53","11","Lewa"
"04","53","11","Nggaha Ori Angu"
"05","53","11","Tabundung"
"06","53","11","Pinu Pahar"
"07","53","11","Pandawai"
"08","53","11","Umalulu"
"09","53","11","Rindi"
"10","53","11","Pahunga Lodu"
"11","53","11","Wulla Waijelu"
"12","53","11","Paberiwai"
"13","53","11","Karera"
"14","53","11","Kahaungu Eti"
"15","53","11","Matawai La Pawu"
"16","53","11","Kambera"
"17","53","11","Kambata Mapambuhang"
"18","53","11","Lewa Tidahu"
"19","53","11","Katala Hamu Lingu"
"20","53","11","Kanatang"
"21","53","11","Ngadu Ngala"
"22","53","11","Mahu"
"04","53","12","Tana Righu"
"10","53","12","Loli"
"11","53","12","Wanokaka"
"12","53","12","Lamboya"
"15","53","12","Kota Waikabubak"
"18","53","12","Laboya Barat"
"01","53","13","Naga Wutung"
"02","53","13","Atadei"
"03","53","13","Ile Ape"
"04","53","13","Lebatukan"
"05","53","13","Nubatukan"
"06","53","13","Omesuri"
"07","53","13","Buyasuri"
"08","53","13","Wulandoni"
"09","53","13","Ile Ape Timur"
"01","53","14","Rote Barat Daya"
"02","53","14","Rote Barat Laut"
"03","53","14","Lobalain"
"04","53","14","Rote Tengah"
"05","53","14","Pantai Baru"
"06","53","14","Rote Timur"
"07","53","14","Rote Barat"
"08","53","14","Rote Selatan"
"09","53","14","Ndao Nuse"
"10","53","14","Landu Leko"
"11","53","14","Loaholu"
"01","53","15","Macang Pacar"
"02","53","15","Kuwus"
"03","53","15","Lembor"
"04","53","15","Sano Nggoang"
"05","53","15","Komodo"
"06","53","15","Boleng"
"07","53","15","Welak"
"08","53","15","Ndoso"
"09","53","15","Lembor Selatan"
"10","53","15","Mbeliling"
"11","53","15","Pacar"
"12","53","15","Kuwus Barat"
"01","53","16","Aesesa"
"02","53","16","Nangaroro"
"03","53","16","Boawae"
"04","53","16","Mauponggo"
"05","53","16","Wolowae"
"06","53","16","Keo Tengah"
"07","53","16","Aesesa Selatan"
"01","53","17","Katiku Tana"
"02","53","17","Umbu Ratu Nggay Barat"
"03","53","17","Mamboro"
"04","53","17","Umbu Ratu Nggay"
"05","53","17","Katiku Tana Selatan"
"06","53","17","Umbu Ratu Nggay Tengah"
"01","53","18","Loura"
"02","53","18","Wewewa Utara"
"03","53","18","Wewewa Timur"
"04","53","18","Wewewa Barat"
"05","53","18","Wewewa Selatan"
"06","53","18","Kodi Bangedo"
"07","53","18","Kodi"
"08","53","18","Kodi Utara"
"09","53","18","Kota Tambolaka"
"10","53","18","Wewewa Tengah"
"11","53","18","Kodi Balaghar"
"01","53","19","Borong"
"02","53","19","Lamba Leda Selatan"
"03","53","19","Lamba Leda"
"04","53","19","Sambi Rampas"
"05","53","19","Elar"
"06","53","19","Kota Komba"
"07","53","19","Rana Mese"
"08","53","19","Lamba Leda Timur"
"09","53","19","Elar Selatan"
"10","53","19","Kota Komba Utara"
"11","53","19","Lamba Leda Utara"
"12","53","19","Congkar"
"01","53","20","Sabu Barat"
"02","53","20","Sabu Tengah"
"03","53","20","Sabu Timur"
"04","53","20","Sabu Liae"
"05","53","20","Hawu Mehara"
"06","53","20","Raijua"
"01","53","21","Malaka Tengah"
"02","53","21","Malaka Barat"
"03","53","21","Wewiku"
"04","53","21","Weliman"
"05","53","21","Rinhat"
"06","53","21","Io Kufeu"
"07","53","21","Sasitamean"
"08","53","21","Laenmanen"
"09","53","21","Malaka Timur"
"10","53","21","Kobalima Timur"
"11","53","21","Kobalima"
"12","53","21","Botin Leobele"
"01","53","71","Alak"
"02","53","71","Maulafa"
"03","53","71","Kelapa Lima"
"04","53","71","Oebobo"
"05","53","71","Kota Raja"
"06","53","71","Kota Lama"
"01","61","01","Sambas"
"02","61","01","Teluk Keramat"
"03","61","01","Jawai"
"04","61","01","Tebas"
"05","61","01","Pemangkat"
"06","61","01","Sejangkung"
"07","61","01","Selakau"
"08","61","01","Paloh"
"09","61","01","Sajingan Besar"
"10","61","01","Subah"
"11","61","01","Galing"
"12","61","01","Tekarang"
"13","61","01","Semparuk"
"14","61","01","Sajad"
"15","61","01","Sebawi"
"16","61","01","Jawai Selatan"
"17","61","01","Tangaran"
"18","61","01","Salatiga"
"19","61","01","Selakau Timur"
"01","61","02","Mempawah Hilir"
"06","61","02","Toho"
"07","61","02","Sungai Pinyuh"
"08","61","02","Jongkat"
"12","61","02","Sungai Kunyit"
"15","61","02","Segedong"
"16","61","02","Anjongan"
"17","61","02","Sadaniang"
"18","61","02","Mempawah Timur"
"01","61","03","Kapuas"
"02","61","03","Mukok"
"03","61","03","Noyan"
"04","61","03","Jangkang"
"05","61","03","Bonti"
"06","61","03","Beduai"
"07","61","03","Sekayam"
"08","61","03","Kembayan"
"09","61","03","Parindu"
"10","61","03","Tayan Hulu"
"11","61","03","Tayan Hilir"
"12","61","03","Balai"
"13","61","03","Toba"
"20","61","03","Meliau"
"21","61","03","Entikong"
"01","61","04","Matan Hilir Utara"
"02","61","04","Marau"
"03","61","04","Manis Mata"
"04","61","04","Kendawangan"
"05","61","04","Sandai"
"07","61","04","Sungai Laur"
"08","61","04","Simpang Hulu"
"11","61","04","Nanga Tayap"
"12","61","04","Matan Hilir Selatan"
"13","61","04","Tumbang Titi"
"14","61","04","Jelai Hulu"
"16","61","04","Delta Pawan"
"17","61","04","Muara Pawan"
"18","61","04","Benua Kayong"
"19","61","04","Hulu Sungai"
"20","61","04","Simpang Dua"
"21","61","04","Air Upas"
"22","61","04","Singkup"
"24","61","04","Pemahan"
"25","61","04","Sungai Melayu Rayak"
"01","61","05","Sintang"
"02","61","05","Tempunak"
"03","61","05","Sepauk"
"04","61","05","Ketungau Hilir"
"05","61","05","Ketungau Tengah"
"06","61","05","Ketungau Hulu"
"07","61","05","Dedai"
"08","61","05","Kayan Hilir"
"09","61","05","Kayan Hulu"
"14","61","05","Serawai"
"15","61","05","Ambalau"
"19","61","05","Kelam Permai"
"20","61","05","Sungai Tebelian"
"21","61","05","Binjai Hulu"
"01","61","06","Putussibau Utara"
"02","61","06","Bika"
"03","61","06","Embaloh Hilir"
"04","61","06","Embaloh Hulu"
"05","61","06","Bunut Hilir"
"06","61","06","Bunut Hulu"
"07","61","06","Jongkong"
"08","61","06","Hulu Gurung"
"09","61","06","Selimbau"
"10","61","06","Semitau"
"11","61","06","Seberuang"
"12","61","06","Batang Lupar"
"13","61","06","Empanang"
"14","61","06","Badau"
"15","61","06","Silat Hilir"
"16","61","06","Silat Hulu"
"17","61","06","Putussibau Selatan"
"18","61","06","Kalis"
"19","61","06","Boyan Tanjung"
"20","61","06","Mentebah"
"21","61","06","Pengkadan"
"22","61","06","Suhaid"
"23","61","06","Puring Kencana"
"01","61","07","Sungai Raya"
"02","61","07","Samalantan"
"03","61","07","Ledo"
"04","61","07","Bengkayang"
"05","61","07","Seluas"
"06","61","07","Sanggau Ledo"
"07","61","07","Jagoi Babang"
"08","61","07","Monterado"
"09","61","07","Teriak"
"10","61","07","Suti Semarang"
"11","61","07","Capkala"
"12","61","07","Siding"
"13","61","07","Lumar"
"14","61","07","Sungai Betung"
"15","61","07","Sungai Raya Kepulauan"
"16","61","07","Lembah Bawang"
"17","61","07","Tujuh Belas"
"01","61","08","Ngabang"
"02","61","08","Mempawah Hulu"
"03","61","08","Menjalin"
"04","61","08","Mandor"
"05","61","08","Air Besar"
"06","61","08","Menyuke"
"07","61","08","Sengah Temila"
"08","61","08","Meranti"
"09","61","08","Kuala Behe"
"10","61","08","Sebangki"
"11","61","08","Jelimpo"
"12","61","08","Banyuke Hulu"
"13","61","08","Sompak"
"01","61","09","Sekadau Hilir"
"02","61","09","Sekadau Hulu"
"03","61","09","Nanga Taman"
"04","61","09","Nanga Mahap"
"05","61","09","Belitang Hilir"
"06","61","09","Belitang Hulu"
"07","61","09","Belitang"
"01","61","10","Belimbing"
"02","61","10","Nanga Pinoh"
"03","61","10","Ella Hilir"
"04","61","10","Menukung"
"05","61","10","Sayan"
"06","61","10","Tanah Pinoh"
"07","61","10","Sokan"
"08","61","10","Pinoh Utara"
"09","61","10","Pinoh Selatan"
"10","61","10","Belimbing Hulu"
"11","61","10","Tanah Pinoh Barat"
"01","61","11","Sukadana"
"02","61","11","Simpang Hilir"
"03","61","11","Teluk Batang"
"04","61","11","Pulau Maya"
"05","61","11","Seponti"
"06","61","11","Kepulauan Karimata"
"01","61","12","Sungai Raya"
"02","61","12","Kuala Mandor B"
"03","61","12","Sungai Ambawang"
"04","61","12","Terentang"
"05","61","12","Batu Ampar"
"06","61","12","Kubu"
"07","61","12","Rasau Jaya"
"08","61","12","Teluk Pakedai"
"09","61","12","Sungai Kakap"
"01","61","71","Pontianak Selatan"
"02","61","71","Pontianak Timur"
"03","61","71","Pontianak Barat"
"04","61","71","Pontianak Utara"
"05","61","71","Pontianak Kota"
"06","61","71","Pontianak Tenggara"
"01","61","72","Singkawang Tengah"
"02","61","72","Singkawang Barat"
"03","61","72","Singkawang Timur"
"04","61","72","Singkawang Utara"
"05","61","72","Singkawang Selatan"
"01","62","01","Kumai"
"02","62","01","Arut Selatan"
"03","62","01","Kotawaringin Lama"
"04","62","01","Arut Utara"
"05","62","01","Pangkalan Lada"
"06","62","01","Pangkalan Banteng"
"01","62","02","Kota Besi"
"02","62","02","Cempaga"
"03","62","02","Mentaya Hulu"
"04","62","02","Parenggean"
"05","62","02","Baamang"
"06","62","02","Mentawa Baru Ketapang"
"07","62","02","Mentaya Hilir Utara"
"08","62","02","Mentaya Hilir Selatan"
"09","62","02","Pulau Hanaut"
"10","62","02","Antang Kalang"
"11","62","02","Teluk Sampit"
"12","62","02","Seranau"
"13","62","02","Cempaga Hulu"
"14","62","02","Telawang"
"15","62","02","Bukit Santuai"
"16","62","02","Tualan Hulu"
"17","62","02","Telaga Antang"
"01","62","03","Selat"
"02","62","03","Kapuas Hilir"
"03","62","03","Kapuas Timur"
"04","62","03","Kapuas Kuala"
"05","62","03","Kapuas Barat"
"06","62","03","Pulau Petak"
"07","62","03","Kapuas Murung"
"08","62","03","Basarang"
"09","62","03","Mantangai"
"10","62","03","Timpah"
"11","62","03","Kapuas Tengah"
"12","62","03","Kapuas Hulu"
"13","62","03","Tamban Catur"
"14","62","03","Pasak Talawang"
"15","62","03","Mandau Talawang"
"16","62","03","Dadahup"
"17","62","03","Bataguh"
"01","62","04","Jenamas"
"02","62","04","Dusun Hilir"
"03","62","04","Karau Kuala"
"04","62","04","Dusun Utara"
"05","62","04","Gn. Bintang Awai"
"06","62","04","Dusun Selatan"
"01","62","05","Montallat"
"02","62","05","Gunung Timang"
"03","62","05","Gunung Purei"
"04","62","05","Teweh Timur"
"05","62","05","Teweh Tengah"
"06","62","05","Lahei"
"07","62","05","Teweh Baru"
"08","62","05","Teweh Selatan"
"09","62","05","Lahei Barat"
"01","62","06","Kamipang"
"02","62","06","Katingan Hilir"
"03","62","06","Tewang Sangalang Garing"
"04","62","06","Pulau Malan"
"05","62","06","Katingan Tengah"
"06","62","06","Sanaman Mantikei"
"07","62","06","Marikit"
"08","62","06","Katingan Hulu"
"09","62","06","Mendawai"
"10","62","06","Katingan Kuala"
"11","62","06","Tasik Payawan"
"12","62","06","Petak Malai"
"13","62","06","Bukit Raya"
"01","62","07","Seruyan Hilir"
"02","62","07","Seruyan Tengah"
"03","62","07","Danau Sembuluh"
"04","62","07","Hanau"
"05","62","07","Seruyan Hulu"
"06","62","07","Seruyan Hilir Timur"
"07","62","07","Seruyan Raya"
"08","62","07","Danau Seluluk"
"09","62","07","Batu Ampar"
"10","62","07","Suling Tambun"
"01","62","08","Sukamara"
"02","62","08","Jelai"
"03","62","08","Balai Riam"
"04","62","08","Pantai Lunci"
"05","62","08","Permata Kecubung"
"01","62","09","Lamandau"
"02","62","09","Delang"
"03","62","09","Bulik"
"04","62","09","Bulik Timur"
"05","62","09","Menthobi Raya"
"06","62","09","Sematu Jaya"
"07","62","09","Belantikan Raya"
"08","62","09","Batang Kawa"
"01","62","10","Sepang"
"02","62","10","Kurun"
"03","62","10","Tewah"
"04","62","10","Kahayan Hulu Utara"
"05","62","10","Rungan"
"06","62","10","Manuhing"
"07","62","10","Mihing Raya"
"08","62","10","Damang Batu"
"09","62","10","Miri Manasa"
"10","62","10","Rungan Hulu"
"11","62","10","Manuhing Raya"
"12","62","10","Rungan Barat"
"01","62","11","Pandih Batu"
"02","62","11","Kahayan Kuala"
"03","62","11","Kahayan Tengah"
"04","62","11","Banama Tingang"
"05","62","11","Kahayan Hilir"
"06","62","11","Maliku"
"07","62","11","Jabiren Raya"
"08","62","11","Sebangau Kuala"
"01","62","12","Murung"
"02","62","12","Tanah Siang"
"03","62","12","Laung Tuhup"
"04","62","12","Permata Intan"
"05","62","12","Sumber Barito"
"06","62","12","Barito Tuhup Raya"
"07","62","12","Tanah Siang Selatan"
"08","62","12","Sungai Babuat"
"09","62","12","Seribu Riam"
"10","62","12","Uut Murung"
"01","62","13","Dusun Timur"
"02","62","13","Banua Lima"
"03","62","13","Patangkep Tutui"
"04","62","13","Awang"
"05","62","13","Dusun Tengah"
"06","62","13","Pematang Karau"
"07","62","13","Paju Epat"
"08","62","13","Raren Batuah"
"09","62","13","Paku"
"10","62","13","Karusen Janang"
"01","62","71","Pahandut"
"02","62","71","Bukit Batu"
"03","62","71","Jekan Raya"
"04","62","71","Sabangau"
"05","62","71","Rakumpit"
"01","63","01","Takisung"
"02","63","01","Jorong"
"03","63","01","Pelaihari"
"04","63","01","Kurau"
"05","63","01","Bati Bati"
"06","63","01","Panyipatan"
"07","63","01","Kintap"
"08","63","01","Tambang Ulang"
"09","63","01","Batu Ampar"
"10","63","01","Bajuin"
"11","63","01","Bumi Makmur"
"01","63","02","Pulau Sembilan"
"02","63","02","Pulau Laut Barat"
"03","63","02","Pulau Laut Selatan"
"04","63","02","Pulau Laut Timur"
"05","63","02","Pulau Sebuku"
"06","63","02","Pulaulaut Utara"
"07","63","02","Kelumpang Selatan"
"08","63","02","Kelumpang Hulu"
"09","63","02","Kelumpang Tengah"
"10","63","02","Kelumpang Utara"
"11","63","02","Pamukan Selatan"
"12","63","02","Sampanahan"
"13","63","02","Pamukan Utara"
"14","63","02","Hampang"
"15","63","02","Sungai Durian"
"16","63","02","Pulau Laut Tengah"
"17","63","02","Kelumpang Hilir"
"18","63","02","Kelumpang Barat"
"19","63","02","Pamukan Barat"
"20","63","02","Pulau Laut Kepulauan"
"21","63","02","Pulau Laut Tanjung Selayar"
"22","63","02","Pulaulaut Sigam"
"01","63","03","Aluh Aluh"
"02","63","03","Kertak Hanyar"
"03","63","03","Gambut"
"04","63","03","Sungai Tabuk"
"05","63","03","Martapura"
"06","63","03","Karang Intan"
"07","63","03","Astambul"
"08","63","03","Simpang Empat"
"09","63","03","Pengaron"
"10","63","03","Sungai Pinang"
"11","63","03","Aranio"
"12","63","03","Mataraman"
"13","63","03","Beruntung Baru"
"14","63","03","Martapura Barat"
"15","63","03","Martapura Timur"
"16","63","03","Sambung Makmur"
"17","63","03","Paramasan"
"18","63","03","Telaga Bauntung"
"19","63","03","Tatah Makmur"
"20","63","03","Cintapuri Darussalam"
"01","63","04","Tabunganen"
"02","63","04","Tamban"
"03","63","04","Anjir Pasar"
"04","63","04","Anjir Muara"
"05","63","04","Alalak"
"06","63","04","Mandastana"
"07","63","04","Rantau Badauh"
"08","63","04","Belawang"
"09","63","04","Cerbon"
"10","63","04","Bakumpai"
"11","63","04","Kuripan"
"12","63","04","Tabukan"
"13","63","04","Mekarsari"
"14","63","04","Barambai"
"15","63","04","Marabahan"
"16","63","04","Wanaraya"
"17","63","04","Jejangkit"
"01","63","05","Binuang"
"02","63","05","Tapin Selatan"
"03","63","05","Tapin Tengah"
"04","63","05","Tapin Utara"
"05","63","05","Candi Laras Selatan"
"06","63","05","Candi Laras Utara"
"07","63","05","Bakarangan"
"08","63","05","Piani"
"09","63","05","Bungur"
"10","63","05","Lokpaikat"
"11","63","05","Salam Babaris"
"12","63","05","Hatungun"
"01","63","06","Sungai Raya"
"02","63","06","Padang Batung"
"03","63","06","Telaga Langsat"
"04","63","06","Angkinang"
"05","63","06","Kandangan"
"06","63","06","Simpur"
"07","63","06","Daha Selatan"
"08","63","06","Daha Utara"
"09","63","06","Kalumpang"
"10","63","06","Loksado"
"11","63","06","Daha Barat"
"01","63","07","Haruyan"
"02","63","07","Batu Benawa"
"03","63","07","Labuan Amas Selatan"
"04","63","07","Labuan Amas Utara"
"05","63","07","Pandawan"
"06","63","07","Barabai"
"07","63","07","Batang Alai Selatan"
"08","63","07","Batang Alai Utara"
"09","63","07","Hantakan"
"10","63","07","Batang Alai Timur"
"11","63","07","Limpasu"
"01","63","08","Danau Panggang"
"02","63","08","Babirik"
"03","63","08","Sungai Pandan"
"04","63","08","Amuntai Selatan"
"05","63","08","Amuntai Tengah"
"06","63","08","Amuntai Utara"
"07","63","08","Banjang"
"08","63","08","Haur Gading"
"09","63","08","Paminggir"
"10","63","08","Sungai Tabukan"
"01","63","09","Banua Lawas"
"02","63","09","Kelua"
"03","63","09","Tanta"
"04","63","09","Tanjung"
"05","63","09","Haruai"
"06","63","09","Murung Pudak"
"07","63","09","Muara Uya"
"08","63","09","Muara Harus"
"09","63","09","Pugaan"
"10","63","09","Upau"
"11","63","09","Jaro"
"12","63","09","Bintang Ara"
"01","63","10","Batu Licin"
"02","63","10","Kusan Hilir"
"03","63","10","Sungai Loban"
"04","63","10","Satui"
"05","63","10","Kusan Hulu"
"06","63","10","Simpang Empat"
"07","63","10","Karang Bintang"
"08","63","10","Mantewe"
"09","63","10","Angsana"
"10","63","10","Kuranji"
"11","63","10","Kusan Tengah"
"12","63","10","Teluk Kepayang"
"01","63","11","Juai"
"02","63","11","Halong"
"03","63","11","Awayan"
"04","63","11","Batu Mandi"
"05","63","11","Lampihong"
"06","63","11","Paringin"
"07","63","11","Paringin Selatan"
"08","63","11","Tebing Tinggi"
"01","63","71","Banjarmasin Selatan"
"02","63","71","Banjarmasin Timur"
"03","63","71","Banjarmasin Barat"
"04","63","71","Banjarmasin Utara"
"05","63","71","Banjarmasin Tengah"
"02","63","72","Landasan Ulin"
"03","63","72","Cempaka"
"04","63","72","Banjarbaru Utara"
"05","63","72","Banjarbaru Selatan"
"06","63","72","Liang Anggang"
"01","64","01","Batu Sopang"
"02","64","01","Tanjung Harapan"
"03","64","01","Paser Belengkong"
"04","64","01","Tanah Grogot"
"05","64","01","Kuaro"
"06","64","01","Long Ikis"
"07","64","01","Muara Komam"
"08","64","01","Long Kali"
"09","64","01","Batu Engau"
"10","64","01","Muara Samu"
"01","64","02","Muara Muntai"
"02","64","02","Loa Kulu"
"03","64","02","Loa Janan"
"04","64","02","Anggana"
"05","64","02","Muara Badak"
"06","64","02","Tenggarong"
"07","64","02","Sebulu"
"08","64","02","Kota Bangun"
"09","64","02","Kenohan"
"10","64","02","Kembang Janggut"
"11","64","02","Muara Kaman"
"12","64","02","Tabang"
"13","64","02","Samboja"
"14","64","02","Muara Jawa"
"15","64","02","Sanga Sanga"
"16","64","02","Tenggarong Seberang"
"17","64","02","Marang Kayu"
"18","64","02","Muara Wis"
"19","64","02","Kota Bangun Darat"
"20","64","02","Samboja Barat"
"01","64","03","Kelay"
"02","64","03","Talisayan"
"03","64","03","Sambaliung"
"04","64","03","Segah"
"05","64","03","Tanjung Redeb"
"06","64","03","Gunung Tabur"
"07","64","03","Pulau Derawan"
"08","64","03","Biduk-Biduk"
"09","64","03","Teluk Bayur"
"10","64","03","Tabalar"
"11","64","03","Maratua"
"12","64","03","Batu Putih"
"13","64","03","Biatan"
"05","64","07","Long Iram"
"06","64","07","Melak"
"07","64","07","Barong Tongkok"
"08","64","07","Damai"
"09","64","07","Muara Lawa"
"10","64","07","Muara Pahu"
"11","64","07","Jempang"
"12","64","07","Bongan"
"13","64","07","Penyinggahan"
"14","64","07","Bentian Besar"
"15","64","07","Linggang Bigung"
"16","64","07","Nyuatan"
"17","64","07","Siluq Ngurai"
"18","64","07","Mook Manaar Bulatn"
"19","64","07","Tering"
"20","64","07","Sekolaq Darat"
"01","64","08","Muara Ancalong"
"02","64","08","Muara Wahau"
"03","64","08","Muara Bengkal"
"04","64","08","Sangatta Utara"
"05","64","08","Sangkulirang"
"06","64","08","Busang"
"07","64","08","Telen"
"08","64","08","Kombeng"
"09","64","08","Bengalon"
"10","64","08","Kaliorang"
"11","64","08","Sandaran"
"12","64","08","Sangatta Selatan"
"13","64","08","Teluk Pandan"
"14","64","08","Rantau Pulung"
"15","64","08","Kaubun"
"16","64","08","Karangan"
"17","64","08","Batu Ampar"
"18","64","08","Long Mesangat"
"01","64","09","Penajam"
"02","64","09","Waru"
"03","64","09","Babulu"
"04","64","09","Sepaku"
"01","64","11","Long Bagun"
"02","64","11","Long Hubung"
"03","64","11","Laham"
"04","64","11","Long Apari"
"05","64","11","Long Pahangai"
"01","64","71","Balikpapan Timur"
"02","64","71","Balikpapan Barat"
"03","64","71","Balikpapan Utara"
"04","64","71","Balikpapan Tengah"
"05","64","71","Balikpapan Selatan"
"06","64","71","Balikpapan Kota"
"01","64","72","Palaran"
"02","64","72","Samarinda Seberang"
"03","64","72","Samarinda Ulu"
"04","64","72","Samarinda Ilir"
"05","64","72","Samarinda Utara"
"06","64","72","Sungai Kunjang"
"07","64","72","Sambutan"
"08","64","72","Sungai Pinang"
"09","64","72","Samarinda Kota"
"10","64","72","Loa Janan Ilir"
"01","64","74","Bontang Utara"
"02","64","74","Bontang Selatan"
"03","64","74","Bontang Barat"
"01","65","01","Tanjung Palas"
"02","65","01","Tanjung Palas Barat"
"03","65","01","Tanjung Palas Utara"
"04","65","01","Tanjung Palas Timur"
"05","65","01","Tanjung Selor"
"06","65","01","Tanjung Palas Tengah"
"07","65","01","Peso"
"08","65","01","Peso Hilir"
"09","65","01","Sekatak"
"10","65","01","Bunyu"
"01","65","02","Mentarang"
"02","65","02","Malinau Kota"
"03","65","02","Pujungan"
"04","65","02","Kayan Hilir"
"05","65","02","Kayan Hulu"
"06","65","02","Malinau Selatan"
"07","65","02","Malinau Utara"
"08","65","02","Malinau Barat"
"09","65","02","Sungai Boh"
"10","65","02","Kayan Selatan"
"11","65","02","Bahau Hulu"
"12","65","02","Mentarang Hulu"
"13","65","02","Malinau Selatan Hilir"
"14","65","02","Malinau Selatan Hulu"
"15","65","02","Sungai Tubu"
"01","65","03","Sebatik"
"02","65","03","Nunukan"
"03","65","03","Sembakung"
"04","65","03","Lumbis"
"05","65","03","Krayan"
"06","65","03","Sebuku"
"07","65","03","Krayan Selatan"
"08","65","03","Sebatik Barat"
"09","65","03","Nunukan Selatan"
"10","65","03","Sebatik Timur"
"11","65","03","Sebatik Utara"
"12","65","03","Sebatik Tengah"
"13","65","03","Sei Menggaris"
"14","65","03","Tulin Onsoi"
"15","65","03","Lumbis Ogong"
"16","65","03","Sembakung Atulai"
"17","65","03","Krayan Tengah"
"18","65","03","Krayan Timur"
"19","65","03","Krayan Barat"
"20","65","03","Lumbis Pansiangan"
"21","65","03","Lumbis Hulu"
"01","65","04","Sesayap"
"02","65","04","Sesayap Hilir"
"03","65","04","Tana Lia"
"04","65","04","Betayau"
"05","65","04","Muruk Rian"
"01","65","71","Tarakan Barat"
"02","65","71","Tarakan Tengah"
"03","65","71","Tarakan Timur"
"04","65","71","Tarakan Utara"
"05","71","01","Sang Tombolang"
"09","71","01","Dumoga Barat"
"10","71","01","Dumoga Timur"
"11","71","01","Dumoga Utara"
"12","71","01","Lolak"
"13","71","01","Bolaang"
"14","71","01","Lolayan"
"19","71","01","Passi Barat"
"20","71","01","Poigar"
"22","71","01","Passi Timur"
"31","71","01","Bolaang Timur"
"32","71","01","Bilalang"
"33","71","01","Dumoga"
"34","71","01","Dumoga Tenggara"
"35","71","01","Dumoga Tengah"
"01","71","02","Tondano Barat"
"02","71","02","Tondano Timur"
"03","71","02","Eris"
"04","71","02","Kombi"
"05","71","02","Lembean Timur"
"06","71","02","Kakas"
"07","71","02","Tompaso"
"08","71","02","Remboken"
"09","71","02","Langowan Timur"
"10","71","02","Langowan Barat"
"11","71","02","Sonder"
"12","71","02","Kawangkoan"
"13","71","02","Pineleng"
"14","71","02","Tombulu"
"15","71","02","Tombariri"
"16","71","02","Tondano Utara"
"17","71","02","Langowan Selatan"
"18","71","02","Tondano Selatan"
"19","71","02","Langowan Utara"
"20","71","02","Kakas Barat"
"21","71","02","Kawangkoan Utara"
"22","71","02","Kawangkoan Barat"
"23","71","02","Mandolang"
"24","71","02","Tombariri Timur"
"25","71","02","Tompaso Barat"
"08","71","03","Tabukan Utara"
"09","71","03","Nusa Tabukan"
"10","71","03","Manganitu Selatan"
"11","71","03","Tatoareng"
"12","71","03","Tamako"
"13","71","03","Manganitu"
"14","71","03","Tabukan Tengah"
"15","71","03","Tabukan Selatan"
"16","71","03","Kendahe"
"17","71","03","Tahuna"
"19","71","03","Tabukan Selatan Tengah"
"20","71","03","Tabukan Selatan Tenggara"
"23","71","03","Tahuna Barat"
"24","71","03","Tahuna Timur"
"25","71","03","Kepulauan Marore"
"01","71","04","Lirung"
"02","71","04","Beo"
"03","71","04","Rainis"
"04","71","04","Essang"
"05","71","04","Nanusa"
"06","71","04","Kabaruan"
"07","71","04","Melonguane"
"08","71","04","Gemeh"
"09","71","04","Damau"
"10","71","04","Tampan' Amma"
"11","71","04","Salibabu"
"12","71","04","Kalongan"
"13","71","04","Miangas"
"14","71","04","Beo Utara"
"15","71","04","Pulutan"
"16","71","04","Melonguane Timur"
"17","71","04","Moronge"
"18","71","04","Beo Selatan"
"19","71","04","Essang Selatan"
"01","71","05","Modoinding"
"02","71","05","Tompaso Baru"
"03","71","05","Ranoyapo"
"07","71","05","Motoling"
"08","71","05","Sinonsayang"
"09","71","05","Tenga"
"10","71","05","Amurang"
"12","71","05","Tumpaan"
"13","71","05","Tareran"
"15","71","05","Kumelembuai"
"16","71","05","Maesaan"
"17","71","05","Amurang Barat"
"18","71","05","Amurang Timur"
"19","71","05","Tatapaan"
"21","71","05","Motoling Barat"
"22","71","05","Motoling Timur"
"23","71","05","Suluun Tareran"
"01","71","06","Kema"
"02","71","06","Kauditan"
"03","71","06","Airmadidi"
"04","71","06","Wori"
"05","71","06","Dimembe"
"06","71","06","Likupang Barat"
"07","71","06","Likupang Timur"
"08","71","06","Kalawat"
"09","71","06","Talawaan"
"10","71","06","Likupang Selatan"
"01","71","07","Ratahan"
"02","71","07","Pusomaen"
"03","71","07","Belang"
"04","71","07","Ratatotok"
"05","71","07","Tombatu"
"06","71","07","Touluaan"
"07","71","07","Touluaan Selatan"
"08","71","07","Silian Raya"
"09","71","07","Tombatu Timur"
"10","71","07","Tombatu Utara"
"11","71","07","Pasan"
"12","71","07","Ratahan Timur"
"01","71","08","Sangkub"
"02","71","08","Bintauna"
"03","71","08","Bolangitang Timur"
"04","71","08","Bolangitang Barat"
"05","71","08","Kaidipang"
"06","71","08","Pinogaluman"
"01","71","09","Siau Timur"
"02","71","09","Siau Barat"
"03","71","09","Tagulandang"
"04","71","09","Siau Timur Selatan"
"05","71","09","Siau Barat Selatan"
"06","71","09","Tagulandang Utara"
"07","71","09","Biaro"
"08","71","09","Siau Barat Utara"
"09","71","09","Siau Tengah"
"10","71","09","Tagulandang Selatan"
"01","71","10","Tutuyan"
"02","71","10","Kotabunan"
"03","71","10","Nuangan"
"04","71","10","Modayag"
"05","71","10","Modayag Barat"
"06","71","10","Motongkad"
"07","71","10","Mooat"
"01","71","11","Bolaang Uki"
"02","71","11","Posigadan"
"03","71","11","Pinolosian"
"04","71","11","Pinolosian Tengah"
"05","71","11","Pinolosian Timur"
"06","71","11","Helumo"
"07","71","11","Tomini"
"01","71","71","Bunaken"
"02","71","71","Tuminting"
"03","71","71","Singkil"
"04","71","71","Wenang"
"05","71","71","Tikala"
"06","71","71","Sario"
"07","71","71","Wanea"
"08","71","71","Mapanget"
"09","71","71","Malalayang"
"10","71","71","Bunaken Kepulauan"
"11","71","71","Paal Dua"
"01","71","72","Lembeh Selatan"
"02","71","72","Madidir"
"03","71","72","Ranowulu"
"04","71","72","Aertembaga"
"05","71","72","Matuari"
"06","71","72","Girian"
"07","71","72","Maesa"
"08","71","72","Lembeh Utara"
"01","71","73","Tomohon Selatan"
"02","71","73","Tomohon Tengah"
"03","71","73","Tomohon Utara"
"04","71","73","Tomohon Barat"
"05","71","73","Tomohon Timur"
"01","71","74","Kotamobagu Utara"
"02","71","74","Kotamobagu Timur"
"03","71","74","Kotamobagu Selatan"
"04","71","74","Kotamobagu Barat"
"01","72","01","Batui"
"02","72","01","Bunta"
"03","72","01","Kintom"
"04","72","01","Luwuk"
"05","72","01","Lamala"
"06","72","01","Balantak"
"07","72","01","Pagimana"
"08","72","01","Bualemo"
"09","72","01","Toili"
"10","72","01","Masama"
"11","72","01","Luwuk Timur"
"12","72","01","Toili Barat"
"13","72","01","Nuhon"
"14","72","01","Moilong"
"15","72","01","Batui Selatan"
"16","72","01","Lobu"
"17","72","01","Simpang Raya"
"18","72","01","Balantak Selatan"
"19","72","01","Balantak Utara"
"20","72","01","Luwuk Selatan"
"21","72","01","Luwuk Utara"
"22","72","01","Mantoh"
"23","72","01","Nambo"
"24","72","01","Toili Jaya"
"01","72","02","Poso Kota"
"02","72","02","Poso Pesisir"
"03","72","02","Lage"
"04","72","02","Pamona Puselemba"
"05","72","02","Pamona Timur"
"06","72","02","Pamona Selatan"
"07","72","02","Lore Utara"
"08","72","02","Lore Tengah"
"09","72","02","Lore Selatan"
"18","72","02","Poso Pesisir Utara"
"19","72","02","Poso Pesisir Selatan"
"20","72","02","Pamona Barat"
"21","72","02","Poso Kota Selatan"
"22","72","02","Poso Kota Utara"
"23","72","02","Lore Barat"
"24","72","02","Lore Timur"
"25","72","02","Lore Peore"
"26","72","02","Pamona Tenggara"
"27","72","02","Pamona Utara"
"04","72","03","Rio Pakava"
"06","72","03","Dampelas"
"08","72","03","Banawa"
"09","72","03","Labuan"
"10","72","03","Sindue"
"11","72","03","Sirenja"
"12","72","03","Balaesang"
"14","72","03","Sojol"
"18","72","03","Banawa Selatan"
"19","72","03","Tanantovea"
"21","72","03","Pinembani"
"24","72","03","Sindue Tombusabora"
"25","72","03","Sindue Tobata"
"27","72","03","Banawa Tengah"
"30","72","03","Sojol Utara"
"31","72","03","Balaesang Tanjung"
"01","72","04","Dampal Selatan"
"02","72","04","Dampal Utara"
"03","72","04","Dondo"
"04","72","04","Basidondo"
"05","72","04","Ogodeide"
"06","72","04","Lampasio"
"07","72","04","Baolan"
"08","72","04","Galang"
"09","72","04","Tolitoli Utara"
"10","72","04","Dako Pemean"
"01","72","05","Momunu"
"02","72","05","Lakea"
"03","72","05","Bokat"
"04","72","05","Bunobogu"
"05","72","05","Paleleh"
"06","72","05","Biau"
"07","72","05","Tiloan"
"08","72","05","Bukal"
"09","72","05","Gadung"
"10","72","05","Karamat"
"11","72","05","Paleleh Barat"
"05","72","06","Bungku Tengah"
"06","72","06","Bungku Selatan"
"07","72","06","Menui Kepulauan"
"08","72","06","Bungku Barat"
"09","72","06","Bumi Raya"
"10","72","06","Bahodopi"
"12","72","06","Wita Ponda"
"15","72","06","Bungku Pesisir"
"18","72","06","Bungku Timur"
"20","72","06","Sombori Kepulauan"
"03","72","07","Totikum"
"04","72","07","Tinangkung"
"05","72","07","Liang"
"06","72","07","Bulagi"
"07","72","07","Buko"
"09","72","07","Bulagi Selatan"
"11","72","07","Tinangkung Selatan"
"15","72","07","Totikum Selatan"
"16","72","07","Peling Tengah"
"17","72","07","Bulagi Utara"
"18","72","07","Buko Selatan"
"19","72","07","Tinangkung Utara"
"01","72","08","Parigi"
"02","72","08","Ampibabo"
"03","72","08","Tinombo"
"04","72","08","Moutong"
"05","72","08","Tomini"
"06","72","08","Sausu"
"07","72","08","Bolano Lambunu"
"08","72","08","Kasimbar"
"09","72","08","Torue"
"10","72","08","Tinombo Selatan"
"11","72","08","Parigi Selatan"
"12","72","08","Mepanga"
"13","72","08","Toribulu"
"14","72","08","Taopa"
"15","72","08","Balinggi"
"16","72","08","Parigi Barat"
"17","72","08","Siniu"
"18","72","08","Palasa"
"19","72","08","Parigi Utara"
"20","72","08","Parigi Tengah"
"21","72","08","Bolano"
"22","72","08","Ongka Malino"
"23","72","08","Sidoan"
"01","72","09","Una Una"
"02","72","09","Togean"
"03","72","09","Walea Kepulauan"
"04","72","09","Ampana Tete"
"05","72","09","Ampana Kota"
"06","72","09","Ulubongka"
"07","72","09","Tojo Barat"
"08","72","09","Tojo"
"09","72","09","Walea Besar"
"10","72","09","Ratolindo"
"11","72","09","Batudaka"
"12","72","09","Talatako"
"01","72","10","Sigi Biromaru"
"02","72","10","Palolo"
"03","72","10","Nokilalaki"
"04","72","10","Lindu"
"05","72","10","Kulawi"
"06","72","10","Kulawi Selatan"
"07","72","10","Pipikoro"
"08","72","10","Gumbasa"
"09","72","10","Dolo Selatan"
"10","72","10","Tanambulava"
"11","72","10","Dolo Barat"
"12","72","10","Dolo"
"13","72","10","Kinovaro"
"14","72","10","Marawola"
"15","72","10","Marawola Barat"
"01","72","11","Banggai"
"02","72","11","Banggai Utara"
"03","72","11","Bokan Kepulauan"
"04","72","11","Bangkurung"
"05","72","11","Labobo"
"06","72","11","Banggai Selatan"
"07","72","11","Banggai Tengah"
"01","72","12","Petasia"
"02","72","12","Petasia Timur"
"03","72","12","Lembo Raya"
"04","72","12","Lembo"
"05","72","12","Mori Atas"
"06","72","12","Mori Utara"
"07","72","12","Soyo Jaya"
"08","72","12","Bungku Utara"
"09","72","12","Mamosalato"
"10","72","12","Petasia Barat"
"01","72","71","Palu Timur"
"02","72","71","Palu Barat"
"03","72","71","Palu Selatan"
"04","72","71","Palu Utara"
"05","72","71","Ulujadi"
"06","72","71","Tatanga"
"07","72","71","Tawaeli"
"08","72","71","Mantikulore"
"01","73","01","Benteng"
"02","73","01","Bontoharu"
"03","73","01","Bontomatene"
"04","73","01","Bontomanai"
"05","73","01","Bontosikuyu"
"06","73","01","Pasimasunggu"
"07","73","01","Pasimarannu"
"08","73","01","Taka Bonerate"
"09","73","01","Pasilambena"
"10","73","01","Pasimasunggu Timur"
"11","73","01","Buki"
"01","73","02","Gantarang"
"02","73","02","Ujung Bulu"
"03","73","02","Bonto Bahari"
"04","73","02","Bonto Tiro"
"05","73","02","Herlang"
"06","73","02","Kajang"
"07","73","02","Bulukumpa"
"08","73","02","Kindang"
"09","73","02","Ujungloe"
"10","73","02","Rilauale"
"01","73","03","Bissappu"
"02","73","03","Bantaeng"
"03","73","03","Eremerasa"
"04","73","03","Tompo Bulu"
"05","73","03","Pajukukang"
"06","73","03","Uluere"
"07","73","03","Gantarang Keke"
"08","73","03","Sinoa"
"01","73","04","Bangkala"
"02","73","04","Tamalatea"
"03","73","04","Binamu"
"04","73","04","Batang"
"05","73","04","Kelara"
"06","73","04","Bangkala Barat"
"07","73","04","Bontoramba"
"08","73","04","Turatea"
"09","73","04","Arungkeke"
"10","73","04","Rumbia"
"11","73","04","Tarowang"
"01","73","05","Mappakasunggu"
"02","73","05","Mangarabombang"
"03","73","05","Polongbangkeng Selatan"
"04","73","05","Polongbangkeng Utara"
"05","73","05","Galesong Selatan"
"06","73","05","Galesong Utara"
"07","73","05","Pattallassang"
"08","73","05","Sanrobone"
"09","73","05","Galesong"
"10","73","05","Kepulauan Tanakeke"
"11","73","05","Polongbangkeng Timur"
"12","73","05","Laikang"
"01","73","06","Bontonompo"
"02","73","06","Bajeng"
"03","73","06","Tompobulu"
"04","73","06","Tinggimoncong"
"05","73","06","Parangloe"
"06","73","06","Bontomarannu"
"07","73","06","Pallangga"
"08","73","06","Somba Opu"
"09","73","06","Bungaya"
"10","73","06","Tombolopao"
"11","73","06","Biringbulu"
"12","73","06","Barombong"
"13","73","06","Pattallasang"
"14","73","06","Manuju"
"15","73","06","Bontolempangang"
"16","73","06","Bontonompo Selatan"
"17","73","06","Parigi"
"18","73","06","Bajeng Barat"
"01","73","07","Sinjai Barat"
"02","73","07","Sinjai Selatan"
"03","73","07","Sinjai Timur"
"04","73","07","Sinjai Tengah"
"05","73","07","Sinjai Utara"
"06","73","07","Bulupoddo"
"07","73","07","Sinjai Borong"
"08","73","07","Tellu Limpoe"
"09","73","07","Pulau Sembilan"
"01","73","08","Bontocani"
"02","73","08","Kahu"
"03","73","08","Kajuara"
"04","73","08","Salomekko"
"05","73","08","Tonra"
"06","73","08","Libureng"
"07","73","08","Mare"
"08","73","08","Sibulue"
"09","73","08","Barebbo"
"10","73","08","Cina"
"11","73","08","Ponre"
"12","73","08","Lappariaja"
"13","73","08","Lamuru"
"14","73","08","Ulaweng"
"15","73","08","Palakka"
"16","73","08","Awangpone"
"17","73","08","Tellu Siattinge"
"18","73","08","Ajangale"
"19","73","08","Dua Boccoe"
"20","73","08","Cenrana"
"21","73","08","Tanete Riattang"
"22","73","08","Tanete Riattang Barat"
"23","73","08","Tanete Riattang Timur"
"24","73","08","Amali"
"25","73","08","Tellulimpoe"
"26","73","08","Bengo"
"27","73","08","Patimpeng"
"01","73","09","Mandai"
"02","73","09","Camba"
"03","73","09","Bantimurung"
"04","73","09","Maros Baru"
"05","73","09","Bontoa"
"06","73","09","Malllawa"
"07","73","09","Tanralili"
"08","73","09","Marusu"
"09","73","09","Simbang"
"10","73","09","Cenrana"
"11","73","09","Tompobulu"
"12","73","09","Lau"
"13","73","09","Moncongloe"
"14","73","09","Turikale"
"01","73","10","Liukang Tangaya"
"02","73","10","Liukang Kalmas"
"03","73","10","Liukang Tupabbiring"
"04","73","10","Pangkajene"
"05","73","10","Balocci"
"06","73","10","Bungoro"
"07","73","10","Labakkang"
"08","73","10","Marang"
"09","73","10","Segeri"
"10","73","10","Minasate'ne"
"11","73","10","Mandalle"
"12","73","10","Tondong Tallasa"
"13","73","10","Liukang Tupabbiring Utara"
"01","73","11","Tanete Riaja"
"02","73","11","Tanete Rilau"
"03","73","11","Barru"
"04","73","11","Soppeng Riaja"
"05","73","11","Mallusetasi"
"06","73","11","Pujananting"
"07","73","11","Balusu"
"01","73","12","Marioriwawo"
"02","73","12","Liliriaja"
"03","73","12","Lilirilau"
"04","73","12","Lalabata"
"05","73","12","Marioriawa"
"06","73","12","Donri-Donri"
"07","73","12","Ganra"
"08","73","12","Citta"
"01","73","13","Sabangparu"
"02","73","13","Pammana"
"03","73","13","Takkalalla"
"04","73","13","Sajoanging"
"05","73","13","Majauleng"
"06","73","13","Tempe"
"07","73","13","Belawa"
"08","73","13","Tanasitolo"
"09","73","13","Maniangpajo"
"10","73","13","Pitumpanua"
"11","73","13","Bola"
"12","73","13","Penrang"
"13","73","13","Gilireng"
"14","73","13","Keera"
"01","73","14","Panca Lautang"
"02","73","14","Tellu Limpoe"
"03","73","14","Watang Pulu"
"04","73","14","Baranti"
"05","73","14","Panca Rijang"
"06","73","14","Kulo"
"07","73","14","Maritengngae"
"08","73","14","Watang Sidenreng"
"09","73","14","Dua Pitue"
"10","73","14","Pitu Riawa"
"11","73","14","Pitu Riase"
"01","73","15","Mattiro Sompe"
"02","73","15","Suppa"
"03","73","15","Mattiro Bulu"
"04","73","15","Watang Sawitto"
"05","73","15","Patampanua"
"06","73","15","Duampanua"
"07","73","15","Lembang"
"08","73","15","Cempa"
"09","73","15","Tiroang"
"10","73","15","Lanrisang"
"11","73","15","Paleteang"
"12","73","15","Batulappa"
"01","73","16","Maiwa"
"02","73","16","Enrekang"
"03","73","16","Baraka"
"04","73","16","Anggeraja"
"05","73","16","Alla"
"06","73","16","Bungin"
"07","73","16","Cendana"
"08","73","16","Curio"
"09","73","16","Malua"
"10","73","16","Buntu Batu"
"11","73","16","Masalle"
"12","73","16","Baroko"
"01","73","17","Basse Sangtempe"
"02","73","17","Larompong"
"03","73","17","Suli"
"04","73","17","Bajo"
"05","73","17","Bua Ponrang"
"06","73","17","Walenrang"
"07","73","17","Belopa"
"08","73","17","Bua"
"09","73","17","Lamasi"
"10","73","17","Larompong Selatan"
"11","73","17","Ponrang"
"12","73","17","Latimojong"
"13","73","17","Kamanre"
"14","73","17","Belopa Utara"
"15","73","17","Walenrang Barat"
"16","73","17","Walenrang Utara"
"17","73","17","Walenrang Timur"
"18","73","17","Lamasi Timur"
"19","73","17","Suli Barat"
"20","73","17","Bajo Barat"
"21","73","17","Ponrang Selatan"
"22","73","17","Basse Sangtempe Utara"
"01","73","18","Salupputti"
"02","73","18","Bittuang"
"03","73","18","Bonggakaradeng"
"05","73","18","Makale"
"09","73","18","Simbuang"
"11","73","18","Rantetayo"
"12","73","18","Mengkendek"
"13","73","18","Sangalla'"
"19","73","18","Gandangbatu Sillanan"
"20","73","18","Rembon"
"27","73","18","Makale Utara"
"28","73","18","Mappak"
"29","73","18","Makale Selatan"
"31","73","18","Masanda"
"33","73","18","Sangalla' Selatan"
"34","73","18","Sangalla' Utara"
"35","73","18","Malimbong Balepe'"
"37","73","18","Rano"
"38","73","18","Kurra"
"01","73","22","Malangke"
"02","73","22","Bone Bone"
"03","73","22","Masamba"
"04","73","22","Sabbang"
"05","73","22","Rongkong"
"06","73","22","Sukamaju"
"07","73","22","Seko"
"08","73","22","Malangke Barat"
"09","73","22","Rampi"
"10","73","22","Mappedeceng"
"11","73","22","Baebunta"
"12","73","22","Tana Lili"
"13","73","22","Sukamaju Selatan"
"14","73","22","Baebunta Selatan"
"15","73","22","Sabbang Selatan"
"01","73","24","Mangkutana"
"02","73","24","Nuha"
"03","73","24","Towuti"
"04","73","24","Malili"
"05","73","24","Angkona"
"06","73","24","Wotu"
"07","73","24","Burau"
"08","73","24","Tomoni"
"09","73","24","Tomoni Timur"
"10","73","24","Kalaena"
"11","73","24","Wasuponda"
"01","73","26","Rantepao"
"02","73","26","Sesean"
"03","73","26","Nanggala"
"04","73","26","Rindingallo"
"05","73","26","Buntao"
"06","73","26","Sa'dan"
"07","73","26","Sanggalangi"
"08","73","26","Sopai"
"09","73","26","Tikala"
"10","73","26","Balusu"
"11","73","26","Tallunglipu"
"12","73","26","Dende' Piongan Napo"
"13","73","26","Buntu Pepasan"
"14","73","26","Baruppu"
"15","73","26","Kesu"
"16","73","26","Tondon"
"17","73","26","Bangkelekila"
"18","73","26","Rantebua"
"19","73","26","Sesean Suloara"
"20","73","26","Kapala Pitu"
"21","73","26","Awan Rante Karua"
"01","73","71","Mariso"
"02","73","71","Mamajang"
"03","73","71","Makassar"
"04","73","71","Ujung Pandang"
"05","73","71","Wajo"
"06","73","71","Bontoala"
"07","73","71","Tallo"
"08","73","71","Ujung Tanah"
"09","73","71","Panakkukang"
"10","73","71","Tamalate"
"11","73","71","Biringkanaya"
"12","73","71","Manggala"
"13","73","71","Rappocini"
"14","73","71","Tamalanrea"
"15","73","71","Kepulauan Sangkarrang"
"01","73","72","Bacukiki"
"02","73","72","Ujung"
"03","73","72","Soreang"
"04","73","72","Bacukiki Barat"
"01","73","73","Wara"
"02","73","73","Wara Utara"
"03","73","73","Wara Selatan"
"04","73","73","Telluwanua"
"05","73","73","Wara Timur"
"06","73","73","Wara Barat"
"07","73","73","Sendana"
"08","73","73","Mungkajang"
"09","73","73","Bara"
"01","74","01","Wundulako"
"04","74","01","Kolaka"
"07","74","01","Pomalaa"
"08","74","01","Watubangga"
"10","74","01","Wolo"
"12","74","01","Baula"
"14","74","01","Latambaga"
"18","74","01","Tanggetada"
"20","74","01","Samaturu"
"24","74","01","Toari"
"25","74","01","Polinggona"
"27","74","01","Iwoimendaa"
"01","74","02","Lambuya"
"02","74","02","Unaaha"
"03","74","02","Wawotobi"
"04","74","02","Pondidaha"
"05","74","02","Sampara"
"10","74","02","Abuki"
"11","74","02","Soropia"
"15","74","02","Tongauna"
"16","74","02","Latoma"
"17","74","02","Puriala"
"18","74","02","Uepai"
"19","74","02","Wonggeduku"
"20","74","02","Besulutu"
"21","74","02","Bondoala"
"23","74","02","Routa"
"24","74","02","Anggaberi"
"25","74","02","Meluhu"
"28","74","02","Amonggedo"
"31","74","02","Asinua"
"32","74","02","Konawe"
"33","74","02","Kapoiala"
"36","74","02","Lalonggasumeeto"
"37","74","02","Onembute"
"38","74","02","Padangguni"
"39","74","02","Morosi"
"40","74","02","Anggalomoare"
"41","74","02","Wonggeduku Barat"
"42","74","02","Tongauna Utara"
"06","74","03","Napabalano"
"07","74","03","Maligano"
"13","74","03","Wakorumba Selatan"
"14","74","03","Lasalepa"
"15","74","03","Batalaiworu"
"16","74","03","Katobu"
"17","74","03","Duruka"
"18","74","03","Lohia"
"19","74","03","Watopute"
"20","74","03","Kontunaga"
"23","74","03","Kabangka"
"24","74","03","Kabawo"
"25","74","03","Parigi"
"26","74","03","Bone"
"27","74","03","Tongkuno"
"28","74","03","Pasir Putih"
"30","74","03","Kontu Kowuna"
"31","74","03","Marobo"
"32","74","03","Tongkuno Selatan"
"33","74","03","Pasi Kolaga"
"34","74","03","Batukara"
"37","74","03","Towea"
"11","74","04","Pasarwajo"
"22","74","04","Kapontori"
"23","74","04","Lasalimu"
"24","74","04","Lasalimu Selatan"
"27","74","04","Siotapina"
"28","74","04","Wolowa"
"29","74","04","Wabula"
"01","74","05","Tinanggea"
"02","74","05","Angata"
"03","74","05","Andoolo"
"04","74","05","Palangga"
"05","74","05","Landono"
"06","74","05","Lainea"
"07","74","05","Konda"
"08","74","05","Ranomeeto"
"09","74","05","Kolono"
"10","74","05","Moramo"
"11","74","05","Laonti"
"12","74","05","Lalembuu"
"13","74","05","Benua"
"14","74","05","Palangga Selatan"
"15","74","05","Mowila"
"16","74","05","Moramo Utara"
"17","74","05","Buke"
"18","74","05","Wolasi"
"19","74","05","Laeya"
"20","74","05","Baito"
"21","74","05","Basala"
"22","74","05","Ranomeeto Barat"
"23","74","05","Kolono Timur"
"24","74","05","Sabulakoa"
"25","74","05","Andoolo Barat"
"01","74","06","Poleang"
"02","74","06","Poleang Timur"
"03","74","06","Rarowatu"
"04","74","06","Rumbia"
"05","74","06","Kabaena"
"06","74","06","Kabaena Timur"
"07","74","06","Poleang Barat"
"08","74","06","Mata Oleo"
"09","74","06","Rarowatu Utara"
"10","74","06","Poleang Utara"
"11","74","06","Poleang Selatan"
"12","74","06","Poleang Tenggara"
"13","74","06","Kabaena Selatan"
"14","74","06","Kabaena Barat"
"15","74","06","Kabaena Utara"
"16","74","06","Kabaena Tengah"
"17","74","06","Kep. Masaloka Raya"
"18","74","06","Rumbia Tengah"
"19","74","06","Poleang Tengah"
"20","74","06","Tontonunu"
"21","74","06","Lantari Jaya"
"22","74","06","Mata Usu"
"01","74","07","Wangi-Wangi"
"02","74","07","Kaledupa"
"03","74","07","Tomia"
"04","74","07","Binongko"
"05","74","07","Wangi Wangi Selatan"
"06","74","07","Kaledupa Selatan"
"07","74","07","Tomia Timur"
"08","74","07","Togo Binongko"
"01","74","08","Lasusua"
"02","74","08","Pakue"
"03","74","08","Batu Putih"
"04","74","08","Rante Angin"
"05","74","08","Kodeoha"
"06","74","08","Ngapa"
"07","74","08","Wawo"
"08","74","08","Lambai"
"09","74","08","Watunohu"
"10","74","08","Pakue Tengah"
"11","74","08","Pakue Utara"
"12","74","08","Porehu"
"13","74","08","Katoi"
"14","74","08","Tiwu"
"15","74","08","Tolala"
"01","74","09","Asera"
"02","74","09","Wiwirano"
"03","74","09","Langgikima"
"04","74","09","Molawe"
"05","74","09","Lasolo"
"06","74","09","Lembo"
"07","74","09","Sawa"
"08","74","09","Oheo"
"09","74","09","Andowia"
"10","74","09","Motui"
"11","74","09","Wawolesea"
"12","74","09","Lasolo Kepulauan"
"13","74","09","Landawe"
"01","74","10","Kulisusu"
"02","74","10","Kambowa"
"03","74","10","Bonegunu"
"04","74","10","Kulisusu Barat"
"05","74","10","Kulisusu Utara"
"06","74","10","Wakorumba Utara"
"01","74","11","Tirawuta"
"02","74","11","Loea"
"03","74","11","Ladongi"
"04","74","11","Poli Polia"
"05","74","11","Lambandia"
"06","74","11","Lalolae"
"07","74","11","Mowewe"
"08","74","11","Uluiwoi"
"09","74","11","Tinondo"
"10","74","11","Aere"
"11","74","11","Ueesi"
"12","74","11","Dangia"
"01","74","12","Wawonii Barat"
"02","74","12","Wawonii Utara"
"03","74","12","Wawonii Timur Laut"
"04","74","12","Wawonii Timur"
"05","74","12","Wawonii Tenggara"
"06","74","12","Wawonii Selatan"
"07","74","12","Wawonii Tengah"
"01","74","13","Sawerigadi"
"02","74","13","Barangka"
"03","74","13","Lawa"
"04","74","13","Wadaga"
"05","74","13","Tiworo Selatan"
"06","74","13","Maginti"
"07","74","13","Tiworo Tengah"
"08","74","13","Tiworo Utara"
"09","74","13","Tiworo Kepulauan"
"10","74","13","Kusambi"
"11","74","13","Napano Kusambi"
"01","74","14","Lakudo"
"02","74","14","Mawasangka Timur"
"03","74","14","Mawasangka Tengah"
"04","74","14","Mawasangka"
"05","74","14","Talaga Raya"
"06","74","14","Gu"
"07","74","14","Sangia Wambulu"
"01","74","15","Batauga"
"02","74","15","Sampolawa"
"03","74","15","Lapandewa"
"04","74","15","Batu Atas"
"05","74","15","Siompu Barat"
"06","74","15","Siompu"
"07","74","15","Kadatua"
"01","74","71","Mandonga"
"02","74","71","Kendari"
"03","74","71","Baruga"
"04","74","71","Poasia"
"05","74","71","Kendari Barat"
"06","74","71","Abeli"
"07","74","71","Wua-Wua"
"08","74","71","Kadia"
"09","74","71","Puuwatu"
"10","74","71","Kambu"
"11","74","71","Nambo"
"01","74","72","Betoambari"
"02","74","72","Wolio"
"03","74","72","Sorawolio"
"04","74","72","Bungi"
"05","74","72","Kokalukuna"
"06","74","72","Murhum"
"07","74","72","Lea-Lea"
"08","74","72","Batupoaro"
"01","75","01","Limboto"
"02","75","01","Telaga"
"03","75","01","Batudaa"
"04","75","01","Tibawa"
"05","75","01","Batudaa Pantai"
"09","75","01","Boliyohuto"
"10","75","01","Telaga Biru"
"11","75","01","Bongomeme"
"13","75","01","Tolangohula"
"14","75","01","Mootilango"
"16","75","01","Pulubala"
"17","75","01","Limboto Barat"
"18","75","01","Tilango"
"19","75","01","Tabongo"
"20","75","01","Biluhu"
"21","75","01","Asparaga"
"22","75","01","Talaga Jaya"
"23","75","01","Bilato"
"24","75","01","Dungaliyo"
"01","75","02","Paguyaman"
"02","75","02","Wonosari"
"03","75","02","Dulupi"
"04","75","02","Tilamuta"
"05","75","02","Mananggu"
"06","75","02","Botumoito"
"07","75","02","Paguyaman Pantai"
"01","75","03","Tapa"
"02","75","03","Kabila"
"03","75","03","Suwawa"
"04","75","03","Bonepantai"
"05","75","03","Bulango Utara"
"06","75","03","Tilongkabila"
"07","75","03","Botupingge"
"08","75","03","Kabila Bone"
"09","75","03","Bone"
"10","75","03","Bone Raya"
"11","75","03","Suwawa Timur"
"12","75","03","Suwawa Selatan"
"13","75","03","Suwawa Tengah"
"14","75","03","Bulango Ulu"
"15","75","03","Bulango Selatan"
"16","75","03","Bulango Timur"
"17","75","03","Bulawa"
"18","75","03","Pinogu"
"01","75","04","Popayato"
"02","75","04","Lemito"
"03","75","04","Randangan"
"04","75","04","Marisa"
"05","75","04","Paguat"
"06","75","04","Patilanggio"
"07","75","04","Taluditi"
"08","75","04","Dengilo"
"09","75","04","Buntulia"
"10","75","04","Duhiadaa"
"11","75","04","Wanggarasi"
"12","75","04","Popayato Timur"
"13","75","04","Popayato Barat"
"01","75","05","Atinggola"
"02","75","05","Kwandang"
"03","75","05","Anggrek"
"04","75","05","Sumalata"
"05","75","05","Tolinggula"
"06","75","05","Gentuma Raya"
"07","75","05","Tomilito"
"08","75","05","Ponelo Kepulauan"
"09","75","05","Monano"
"10","75","05","Biau"
"11","75","05","Sumalata Timur"
"01","75","71","Kota Barat"
"02","75","71","Kota Selatan"
"03","75","71","Kota Utara"
"04","75","71","Dungingi"
"05","75","71","Kota Timur"
"06","75","71","Kota Tengah"
"07","75","71","Sipatana"
"08","75","71","Dumbo Raya"
"09","75","71","Hulonthalangi"
"01","76","01","Bambalamotu"
"02","76","01","Pasangkayu"
"03","76","01","Baras"
"04","76","01","Sarudu"
"05","76","01","Dapurang"
"06","76","01","Duripoku"
"07","76","01","Bulu Taba"
"08","76","01","Tikke Raya"
"09","76","01","Pedongga"
"10","76","01","Bambaira"
"11","76","01","Sarjo"
"12","76","01","Lariang"
"01","76","02","Mamuju"
"02","76","02","Tapalang"
"03","76","02","Kalukku"
"04","76","02","Kalumpang"
"07","76","02","Papalang"
"08","76","02","Sampaga"
"11","76","02","Tommo"
"12","76","02","Simboro"
"13","76","02","Tapalang Barat"
"15","76","02","Bonehau"
"16","76","02","Kepulauan Bala Balakang"
"01","76","03","Mambi"
"02","76","03","Aralle"
"03","76","03","Mamasa"
"04","76","03","Pana"
"05","76","03","Tabulahan"
"06","76","03","Sumarorong"
"07","76","03","Messawa"
"08","76","03","Sesenapadang"
"09","76","03","Tanduk Kalua"
"10","76","03","Tabang"
"11","76","03","Bambang"
"12","76","03","Balla"
"13","76","03","Nosu"
"14","76","03","Tawalian"
"15","76","03","Rantebulahan Timur"
"16","76","03","Buntumalangka"
"17","76","03","Mehalaan"
"01","76","04","Tinambung"
"02","76","04","Campalagian"
"03","76","04","Wonomulyo"
"04","76","04","Polewali"
"05","76","04","Tutar"
"06","76","04","Binuang"
"07","76","04","Tapango"
"08","76","04","Mapilli"
"09","76","04","Matangnga"
"10","76","04","Luyo"
"11","76","04","Limboro"
"12","76","04","Balanipa"
"13","76","04","Anreapi"
"14","76","04","Matakali"
"15","76","04","Allu"
"16","76","04","Bulo"
"01","76","05","Banggae"
"02","76","05","Pamboang"
"03","76","05","Sendana"
"04","76","05","Malunda"
"05","76","05","Ulumanda"
"06","76","05","Tammerodo Sendana"
"07","76","05","Tubo Sendana"
"08","76","05","Banggae Timur"
"01","76","06","Tobadak"
"02","76","06","Pangale"
"03","76","06","Budong-Budong"
"04","76","06","Topoyo"
"05","76","06","Karossa"
"01","81","01","Amahai"
"02","81","01","Teon Nila Serua"
"06","81","01","Seram Utara"
"09","81","01","Banda"
"11","81","01","Tehoru"
"12","81","01","Saparua"
"13","81","01","Pulau Haruku"
"14","81","01","Salahutu"
"15","81","01","Leihitu"
"16","81","01","Nusa Laut"
"17","81","01","Kota Masohi"
"20","81","01","Seram Utara Barat"
"21","81","01","Teluk Elpaputih"
"22","81","01","Leihitu Barat"
"23","81","01","Telutih"
"24","81","01","Seram Utara Timur Seti"
"25","81","01","Seram Utara Timur Kobi"
"26","81","01","Saparua Timur"
"01","81","02","Kei Kecil"
"03","81","02","Kei Besar"
"04","81","02","Kei Besar Selatan"
"05","81","02","Kei Besar Utara Timur"
"13","81","02","Kei Kecil Timur"
"14","81","02","Kei Kecil Barat"
"15","81","02","Manyeuw"
"16","81","02","Hoat Sorbay"
"17","81","02","Kei Besar Utara Barat"
"18","81","02","Kei Besar Selatan Barat"
"19","81","02","Kei Kecil Timur Selatan"
"01","81","03","Tanimbar Selatan"
"02","81","03","Selaru"
"03","81","03","Wertamrian"
"04","81","03","Wermaktian"
"05","81","03","Tanimbar Utara"
"06","81","03","Fordata"
"07","81","03","Wuar Labobar"
"08","81","03","Kormomolin"
"09","81","03","Nirunmas"
"18","81","03","Molu Maru"
"01","81","04","Namlea"
"02","81","04","Air Buaya"
"03","81","04","Waeapo"
"06","81","04","Waplau"
"10","81","04","Batabual"
"11","81","04","Lolong Guba"
"12","81","04","Waelata"
"13","81","04","Fena Leisela"
"14","81","04","Teluk Kaiely"
"15","81","04","Lilialy"
"01","81","05","Bula"
"02","81","05","Seram Timur"
"03","81","05","Werinama"
"04","81","05","Pulau Gorom"
"05","81","05","Wakate"
"06","81","05","Tutuk Tolu"
"07","81","05","Siwalalat"
"08","81","05","Kilmury"
"09","81","05","Pulau Panjang"
"10","81","05","Teor"
"11","81","05","Gorom Timur"
"12","81","05","Bula Barat"
"13","81","05","Kian Darat"
"14","81","05","Siritaun Wida Timur"
"15","81","05","Teluk Waru"
"16","81","05","Ukar Sengan"
"01","81","06","Kairatu"
"02","81","06","Seram Barat"
"03","81","06","Taniwel"
"04","81","06","Huamual Belakang"
"05","81","06","Amalatu"
"06","81","06","Inamosol"
"07","81","06","Kairatu Barat"
"08","81","06","Huamual"
"09","81","06","Kepulauan Manipa"
"10","81","06","Taniwel Timur"
"11","81","06","Elpaputih"
"01","81","07","Pulau-Pulau Aru"
"02","81","07","Aru Selatan"
"03","81","07","Aru Tengah"
"04","81","07","Aru Utara"
"05","81","07","Aru Utara Timur Batuley"
"06","81","07","Sir-Sir"
"07","81","07","Aru Tengah Timur"
"08","81","07","Aru Tengah Selatan"
"09","81","07","Aru Selatan Timur"
"10","81","07","Aru Selatan Utara"
"01","81","08","Moa"
"02","81","08","Damer"
"03","81","08","Kepulauan Luang Sermata"
"04","81","08","Babar Barat"
"05","81","08","Pulau-pulau Babar Timur"
"06","81","08","Wetar Selatan"
"07","81","08","Kisar Selatan"
"08","81","08","Pulau Leti"
"09","81","08","Pulau Masela"
"10","81","08","Dawelor Dawera"
"11","81","08","Pulau Wetang"
"12","81","08","Pulau Lakor"
"13","81","08","Wetar Utara"
"14","81","08","Wetar Barat"
"15","81","08","Wetar Timur"
"16","81","08","Kepulauan Roma"
"17","81","08","Kisar Utara"
"01","81","09","Namrole"
"02","81","09","Waesama"
"03","81","09","Ambalau"
"04","81","09","Kepala Madan"
"05","81","09","Leksula"
"06","81","09","Fena Fafan"
"01","81","71","Nusaniwe"
"02","81","71","Sirimau"
"03","81","71","Baguala"
"04","81","71","Teluk Ambon"
"05","81","71","Leitimur Selatan"
"01","81","72","Pulau Dullah Utara"
"02","81","72","Pulau Dullah Selatan"
"03","81","72","Tayando Tam"
"04","81","72","Pulau-Pulau Kur"
"05","81","72","Kur Selatan"
"01","82","01","Jailolo"
"02","82","01","Loloda"
"03","82","01","Ibu"
"04","82","01","Sahu"
"05","82","01","Jailolo Selatan"
"07","82","01","Ibu Utara"
"08","82","01","Ibu Selatan"
"09","82","01","Sahu Timur"
"10","82","01","Loloda Tengah"
"01","82","02","Weda"
"02","82","02","Patani"
"03","82","02","Pulau Gebe"
"04","82","02","Weda Utara"
"05","82","02","Weda Selatan"
"06","82","02","Patani Utara"
"07","82","02","Weda Tengah"
"08","82","02","Patani Barat"
"09","82","02","Weda Timur"
"10","82","02","Patani Timur"
"04","82","03","Galela"
"05","82","03","Tobelo"
"06","82","03","Tobelo Selatan"
"07","82","03","Kao"
"08","82","03","Malifut"
"09","82","03","Loloda Utara"
"10","82","03","Tobelo Utara"
"11","82","03","Tobelo Tengah"
"12","82","03","Tobelo Timur"
"13","82","03","Tobelo Barat"
"14","82","03","Galela Barat"
"15","82","03","Galela Utara"
"16","82","03","Galela Selatan"
"19","82","03","Loloda Kepulauan"
"20","82","03","Kao Utara"
"21","82","03","Kao Barat"
"22","82","03","Kao Teluk"
"01","82","04","Pulau Makian"
"02","82","04","Kayoa"
"03","82","04","Gane Timur"
"04","82","04","Gane Barat"
"05","82","04","Obi Selatan"
"06","82","04","Obi"
"07","82","04","Bacan Timur"
"08","82","04","Bacan"
"09","82","04","Bacan Barat"
"10","82","04","Makian Barat"
"11","82","04","Kayoa Barat"
"12","82","04","Kayoa Selatan"
"13","82","04","Kayoa Utara"
"14","82","04","Bacan Barat Utara"
"15","82","04","Kasiruta Barat"
"16","82","04","Kasiruta Timur"
"17","82","04","Bacan Selatan"
"18","82","04","Kepulauan Botanglomang"
"19","82","04","Mandioli Selatan"
"20","82","04","Mandioli Utara"
"21","82","04","Bacan Timur Selatan"
"22","82","04","Bacan Timur Tengah"
"23","82","04","Gane Barat Selatan"
"24","82","04","Gane Barat Utara"
"25","82","04","Kepulauan Joronga"
"26","82","04","Gane Timur Selatan"
"27","82","04","Gane Timur Tengah"
"28","82","04","Obi Barat"
"29","82","04","Obi Timur"
"30","82","04","Obi Utara"
"01","82","05","Mangoli Timur"
"02","82","05","Sanana"
"03","82","05","Sulabesi Barat"
"06","82","05","Mangoli Barat"
"07","82","05","Sulabesi Tengah"
"08","82","05","Sulabesi Timur"
"09","82","05","Sulabesi Selatan"
"10","82","05","Mangoli Utara Timur"
"11","82","05","Mangoli Tengah"
"12","82","05","Mangoli Selatan"
"13","82","05","Mangoli Utara"
"18","82","05","Sanana Utara"
"01","82","06","Wasile"
"02","82","06","Maba"
"03","82","06","Maba Selatan"
"04","82","06","Wasile Selatan"
"05","82","06","Wasile Tengah"
"06","82","06","Wasile Utara"
"07","82","06","Wasile Timur"
"08","82","06","Maba Tengah"
"09","82","06","Maba Utara"
"10","82","06","Kota Maba"
"01","82","07","Morotai Selatan"
"02","82","07","Morotai Selatan Barat"
"03","82","07","Morotai Jaya"
"04","82","07","Morotai Utara"
"05","82","07","Morotai Timur"
"06","82","07","Pulau Rao"
"01","82","08","Taliabu Barat"
"02","82","08","Taliabu Barat Laut"
"03","82","08","Lede"
"04","82","08","Taliabu Utara"
"05","82","08","Taliabu Timur"
"06","82","08","Taliabu Timur Selatan"
"07","82","08","Taliabu Selatan"
"08","82","08","Tabona"
"01","82","71","Pulau Ternate"
"02","82","71","Kota Ternate Selatan"
"03","82","71","Kota Ternate Utara"
"04","82","71","Moti"
"05","82","71","Pulau Batang Dua"
"06","82","71","Kota Ternate Tengah"
"07","82","71","Pulau Hiri"
"08","82","71","Ternate Barat"
"01","82","72","Tidore"
"02","82","72","Oba Utara"
"03","82","72","Oba"
"04","82","72","Tidore Selatan"
"05","82","72","Tidore Utara"
"06","82","72","Oba Tengah"
"07","82","72","Oba Selatan"
"08","82","72","Tidore Timur"
"01","91","03","Sentani"
"02","91","03","Sentani Timur"
"03","91","03","Depapre"
"04","91","03","Sentani Barat"
"05","91","03","Kemtuk"
"06","91","03","Kemtuk Gresi"
"07","91","03","Nimboran"
"08","91","03","Nimbokrang"
"09","91","03","Unurum Guay"
"10","91","03","Demta"
"11","91","03","Kaureh"
"12","91","03","Ebungfao"
"13","91","03","Waibu"
"14","91","03","Nambluong"
"15","91","03","Yapsi"
"16","91","03","Airu"
"17","91","03","Raveni Rara"
"18","91","03","Gresi Selatan"
"19","91","03","Yokari"
"01","91","05","Yapen Selatan"
"02","91","05","Yapen Barat"
"03","91","05","Yapen Timur"
"04","91","05","Angkaisera"
"05","91","05","Poom"
"06","91","05","Kosiwo"
"07","91","05","Yapen Utara"
"08","91","05","Raimbawi"
"09","91","05","Teluk Ampimoi"
"10","91","05","Kepulauan Ambai"
"11","91","05","Wonawa"
"12","91","05","Windesi"
"13","91","05","Pulau Kurudu"
"14","91","05","Pulau Yerui"
"15","91","05","Anotaurei"
"16","91","05","Yawakukat"
"17","91","05","Nusawani"
"01","91","06","Biak Kota"
"02","91","06","Biak Utara"
"03","91","06","Biak Timur"
"04","91","06","Numfor Barat"
"05","91","06","Numfor Timur"
"08","91","06","Biak Barat"
"09","91","06","Warsa"
"10","91","06","Padaido"
"11","91","06","Yendidori"
"12","91","06","Samofa"
"13","91","06","Yawosi"
"14","91","06","Andey"
"15","91","06","Swandiwe"
"16","91","06","Bruyadori"
"17","91","06","Orkeri"
"18","91","06","Poiru"
"19","91","06","Aimando Padaido"
"20","91","06","Oridek"
"21","91","06","Bondifuar"
"01","91","10","Sarmi"
"02","91","10","Tor Atas"
"03","91","10","Pantai Barat"
"04","91","10","Pantai Timur"
"05","91","10","Bonggo"
"09","91","10","Apawer Hulu"
"12","91","10","Sarmi Selatan"
"13","91","10","Sarmi Timur"
"14","91","10","Pantai Timur Bagian Barat"
"15","91","10","Bonggo Timur"
"01","91","11","Waris"
"02","91","11","Arso"
"03","91","11","Senggi"
"04","91","11","Web"
"05","91","11","Skanto"
"06","91","11","Arso Timur"
"07","91","11","Towe"
"08","91","11","Arso Barat"
"09","91","11","Mannem"
"10","91","11","Yaffi"
"11","91","11","Kaisenar"
"01","91","15","Waropen Bawah"
"03","91","15","Masirei"
"07","91","15","Risei Sayati"
"08","91","15","Urei Faisei"
"09","91","15","Inggerus"
"10","91","15","Kirihi"
"11","91","15","Oudate"
"12","91","15","Wapoga"
"13","91","15","Demba"
"14","91","15","Wonti"
"15","91","15","Soyoi Mambai"
"01","91","19","Supiori Selatan"
"02","91","19","Supiori Utara"
"03","91","19","Supiori Timur"
"04","91","19","Kepulauan Aruri"
"05","91","19","Supiori Barat"
"01","91","20","Mamberamo Tengah"
"02","91","20","Mamberamo Hulu"
"03","91","20","Rufaer"
"04","91","20","Mamberamo Tengah Timur"
"05","91","20","Mamberamo Hilir"
"06","91","20","Waropen Atas"
"07","91","20","Benuki"
"08","91","20","Sawai"
"01","91","71","Jayapura Utara"
"02","91","71","Jayapura Selatan"
"03","91","71","Abepura"
"04","91","71","Muara Tami"
"05","91","71","Heram"
"03","92","02","Warmare"
"04","92","02","Prafi"
"05","92","02","Masni"
"12","92","02","Manokwari Barat"
"13","92","02","Manokwari Timur"
"14","92","02","Manokwari Utara"
"15","92","02","Manokwari Selatan"
"17","92","02","Tanah Rubuh"
"21","92","02","Sidey"
"31","92","02","Aimasi"
"32","92","02","Mokwam"
"33","92","02","Masni Utara"
"34","92","02","Wasirawi"
"35","92","02","Moruj Mega"
"01","92","03","Fak-Fak"
"02","92","03","Fak-Fak Barat"
"03","92","03","Fak-Fak Timur"
"04","92","03","Kokas"
"05","92","03","Fak-Fak Tengah"
"06","92","03","Karas"
"07","92","03","Bomberay"
"08","92","03","Kramongmongga"
"09","92","03","Teluk Patipi"
"10","92","03","Pariwari"
"11","92","03","Wartutin"
"12","92","03","Fakfak Timur Tengah"
"13","92","03","Arguni"
"14","92","03","Mbahamdandara"
"15","92","03","Kayauni"
"16","92","03","Furwagi"
"17","92","03","Tomage"
"01","92","06","Bintuni"
"02","92","06","Merdey"
"03","92","06","Babo"
"04","92","06","Aranday"
"05","92","06","Moskona Selatan"
"06","92","06","Moskona Utara"
"07","92","06","Wamesa"
"08","92","06","Fafurwar"
"09","92","06","Tembuni"
"10","92","06","Kuri"
"11","92","06","Manimeri"
"12","92","06","Tuhiba"
"13","92","06","Dataran Beimes"
"14","92","06","Sumuri"
"15","92","06","Kaitaro"
"16","92","06","Aroba"
"17","92","06","Masyeta"
"18","92","06","Biscoop"
"19","92","06","Tomu"
"20","92","06","Kamundan"
"21","92","06","Weriagar"
"22","92","06","Moskona Barat"
"23","92","06","Meyado"
"24","92","06","Moskona Timur"
"01","92","07","Wasior"
"02","92","07","Windesi"
"03","92","07","Teluk Duairi"
"04","92","07","Wondiboy"
"05","92","07","Wamesa"
"06","92","07","Rumberpon"
"07","92","07","Naikere"
"08","92","07","Rasiei"
"09","92","07","Kuri Wamesa"
"10","92","07","Roon"
"11","92","07","Roswar"
"12","92","07","Nikiwar"
"13","92","07","Soug Jaya"
"01","92","08","Kaimana"
"02","92","08","Buruway"
"03","92","08","Teluk Arguni Atas"
"04","92","08","Teluk Etna"
"05","92","08","Kambrau"
"06","92","08","Teluk Arguni Bawah"
"07","92","08","Yamor"
"01","92","11","Ransiki"
"02","92","11","Oransbari"
"03","92","11","Neney"
"04","92","11","Dataran Isim"
"05","92","11","Momi Waren"
"06","92","11","Tahota"
"01","92","12","Anggi"
"02","92","12","Anggi Gida"
"03","92","12","Membey"
"04","92","12","Sururey"
"05","92","12","Didohu"
"06","92","12","Taige"
"07","92","12","Catubouw"
"08","92","12","Testega"
"09","92","12","Minyambaouw"
"10","92","12","Hingk"
"01","93","01","Merauke"
"02","93","01","Muting"
"03","93","01","Okaba"
"04","93","01","Kimaam"
"05","93","01","Semangga"
"06","93","01","Tanah Miring"
"07","93","01","Jagebob"
"08","93","01","Sota"
"09","93","01","Ulilin"
"10","93","01","Elikobal"
"11","93","01","Kurik"
"12","93","01","Naukenjerai"
"13","93","01","Animha"
"14","93","01","Malind"
"15","93","01","Tubang"
"16","93","01","Ngguti"
"17","93","01","Kaptel"
"18","93","01","Tabonji"
"19","93","01","Waan"
"20","93","01","Ilwayab"
"21","93","01","Padua"
"22","93","01","Kontuar"
"01","93","02","Mandobo"
"02","93","02","Mindiptana"
"03","93","02","Waropko"
"04","93","02","Kouh"
"05","93","02","Jair"
"06","93","02","Bomakia"
"07","93","02","Kombut"
"08","93","02","Iniyandit"
"09","93","02","Arimop"
"10","93","02","Fofi"
"11","93","02","Ambatkwi"
"12","93","02","Manggelum"
"13","93","02","Firiwage"
"14","93","02","Yaniruma"
"15","93","02","Subur"
"16","93","02","Kombay"
"17","93","02","Ninati"
"18","93","02","Sesnuk"
"19","93","02","Ki"
"20","93","02","Kawagit"
"01","93","03","Obaa"
"02","93","03","Mambioman Bapai"
"03","93","03","Citak-Mitak"
"04","93","03","Edera"
"05","93","03","Haju"
"06","93","03","Assue"
"07","93","03","Kaibar"
"08","93","03","Passue"
"09","93","03","Minyamur"
"10","93","03","Venaha"
"11","93","03","Syahcame"
"12","93","03","Yakomi"
"13","93","03","Bamgi"
"14","93","03","Passue Bawah"
"15","93","03","Ti Zain"
"01","93","04","Agats"
"02","93","04","Atsj"
"03","93","04","Sawa Erma"
"04","93","04","Akat"
"05","93","04","Fayit"
"06","93","04","Pantai Kasuari"
"07","93","04","Suator"
"08","93","04","Suru-suru"
"09","93","04","Kolf Braza"
"10","93","04","Unir Sirau"
"11","93","04","Joerat"
"12","93","04","Pulau Tiga"
"13","93","04","Jetsy"
"14","93","04","Der Koumur"
"15","93","04","Kopay"
"16","93","04","Safan"
"17","93","04","Sirets"
"18","93","04","Ayib"
"19","93","04","Betcbamu"
"20","93","04","Joutu"
"21","93","04","Aswi"
"22","93","04","Awyu"
"23","93","04","Koroway Buluanop"
"24","93","04","Tomor Birip"
"25","93","04","Sor Ep"
"01","94","01","Nabire"
"02","94","01","Napan"
"03","94","01","Yaur"
"04","94","01","Uwapa"
"05","94","01","Wanggar"
"06","94","01","Siriwo"
"07","94","01","Makimi"
"08","94","01","Teluk Umar"
"09","94","01","Teluk Kimi"
"10","94","01","Yaro"
"11","94","01","Wapoga"
"12","94","01","Nabire Barat"
"13","94","01","Moora"
"14","94","01","Dipa"
"15","94","01","Menou"
"01","94","02","Mulia"
"02","94","02","Ilu"
"03","94","02","Fawi"
"04","94","02","Mewoluk"
"05","94","02","Yamo"
"06","94","02","Nume"
"07","94","02","Torere"
"08","94","02","Tingginambut"
"09","94","02","Pagaleme"
"10","94","02","Gurage"
"11","94","02","Irimuli"
"12","94","02","Muara"
"13","94","02","Ilamburawi"
"14","94","02","Yambi"
"15","94","02","Lumo"
"16","94","02","Molanikime"
"17","94","02","Dokome"
"18","94","02","Kalome"
"19","94","02","Wanwi"
"20","94","02","Yamoneri"
"21","94","02","Waegi"
"22","94","02","Nioga"
"23","94","02","Gubume"
"24","94","02","Taganombak"
"25","94","02","Dagai"
"26","94","02","Kiyage"
"01","94","03","Paniai Timur"
"02","94","03","Paniai Barat"
"03","94","03","Aradide"
"04","94","03","Bogabaida"
"05","94","03","Bibida"
"06","94","03","Dumadama"
"07","94","03","Siriwo"
"08","94","03","Kebo"
"09","94","03","Yatamo"
"10","94","03","Ekadide"
"11","94","03","Wegee Muka"
"12","94","03","Wegee Bino"
"13","94","03","Pugo Dagi"
"14","94","03","Muye"
"15","94","03","Nakama"
"16","94","03","Teluk Deya"
"17","94","03","Yagai"
"18","94","03","Youtadi"
"19","94","03","Baya Biru"
"20","94","03","Deiyai Miyo"
"21","94","03","Dogomo"
"22","94","03","Aweida"
"23","94","03","Topiyai"
"24","94","03","Fajar Timur"
"01","94","04","Mimika Baru"
"02","94","04","Agimuga"
"03","94","04","Mimika Timur"
"04","94","04","Mimika Barat"
"05","94","04","Jita"
"06","94","04","Jila"
"07","94","04","Mimika Timur Jauh"
"08","94","04","Mimika Tengah"
"09","94","04","Kuala Kencana"
"10","94","04","Tembagapura"
"11","94","04","Mimika Barat Jauh"
"12","94","04","Mimika Barat Tengah"
"13","94","04","Kwamki Narama"
"14","94","04","Hoya"
"15","94","04","Iwaka"
"16","94","04","Wania"
"17","94","04","Amar"
"18","94","04","Alama"
"01","94","05","Ilaga"
"02","94","05","Wangbe"
"03","94","05","Beoga"
"04","94","05","Doufo"
"05","94","05","Pogoma"
"06","94","05","Sinak"
"07","94","05","Agandugume"
"08","94","05","Gome"
"09","94","05","Dervos"
"10","94","05","Beoga Barat"
"11","94","05","Beoga Timur"
"12","94","05","Ogamanim"
"13","94","05","Kembru"
"14","94","05","Bina"
"15","94","05","Sinak Barat"
"16","94","05","Mage'abume"
"17","94","05","Yugumuak"
"18","94","05","Ilaga Utara"
"19","94","05","Mabugi"
"20","94","05","Omukia"
"21","94","05","Lambewi"
"22","94","05","Oneri"
"23","94","05","Amungkalpia"
"24","94","05","Gome Utara"
"25","94","05","Erelmakawia"
"01","94","06","Kamu"
"02","94","06","Mapia"
"03","94","06","Piyaiye"
"04","94","06","Kamu Utara"
"05","94","06","Sukikai Selatan"
"06","94","06","Mapia Barat"
"07","94","06","Kamu Selatan"
"08","94","06","Kamu Timur"
"09","94","06","Mapia Tengah"
"10","94","06","Dogiyai"
"01","94","07","Sugapa"
"02","94","07","Homeyo"
"03","94","07","Wandai"
"04","94","07","Biandoga"
"05","94","07","Agisiga"
"06","94","07","Hitadipa"
"07","94","07","Ugimba"
"08","94","07","Tomosiga"
"01","94","08","Tigi"
"02","94","08","Tigi Timur"
"03","94","08","Bowobado"
"04","94","08","Tigi Barat"
"05","94","08","Kapiraya"
"01","95","01","Wamena"
"02","95","01","Kurulu"
"03","95","01","Asologaima"
"04","95","01","Hubikosi"
"05","95","01","Bolakme"
"06","95","01","Walelagama"
"07","95","01","Musatfak"
"08","95","01","Wolo"
"09","95","01","Asolokobal"
"10","95","01","Pelebaga"
"11","95","01","Yalengga"
"12","95","01","Trikora"
"13","95","01","Napua"
"14","95","01","Walaik"
"15","95","01","Wouma"
"16","95","01","Hubikiak"
"17","95","01","Ibele"
"18","95","01","Taelarek"
"19","95","01","Itlay Hisage"
"20","95","01","Siepkosi"
"21","95","01","Usilimo"
"22","95","01","Wita Waya"
"23","95","01","Libarek"
"24","95","01","Wadangku"
"25","95","01","Pisugi"
"26","95","01","Koragi"
"27","95","01","Tagime"
"28","95","01","Molagalome"
"29","95","01","Tagineri"
"30","95","01","Silo Karno Doga"
"31","95","01","Piramid"
"32","95","01","Muliama"
"33","95","01","Bugi"
"34","95","01","Bpiri"
"35","95","01","Welesi"
"36","95","01","Asotipo"
"37","95","01","Maima"
"38","95","01","Popugoba"
"39","95","01","Wame"
"40","95","01","Wesaput"
"01","95","02","Oksibil"
"02","95","02","Kiwirok"
"03","95","02","Okbibab"
"04","95","02","Iwur"
"05","95","02","Batom"
"06","95","02","Borme"
"07","95","02","Kiwirok Timur"
"08","95","02","Aboy"
"09","95","02","Pepera"
"10","95","02","Bime"
"11","95","02","Alemsom"
"12","95","02","Okbape"
"13","95","02","Kalomdol"
"14","95","02","Oksop"
"15","95","02","Serambakon"
"16","95","02","Ok Aom"
"17","95","02","Kawor"
"18","95","02","Awinbon"
"19","95","02","Tarup"
"20","95","02","Okhika"
"21","95","02","Oksamol"
"22","95","02","Oklip"
"23","95","02","Okbemtau"
"24","95","02","Oksebang"
"25","95","02","Okbab"
"26","95","02","Batani"
"27","95","02","Weime"
"28","95","02","Murkim"
"29","95","02","Mofinop"
"30","95","02","Jetfa"
"31","95","02","Teiraplu"
"32","95","02","Eipumek"
"33","95","02","Pamek"
"34","95","02","Nongme"
"01","95","03","Kurima"
"02","95","03","Anggruk"
"03","95","03","Ninia"
"04","95","03","Silimo"
"05","95","03","Samenage"
"06","95","03","Nalca"
"07","95","03","Dekai"
"08","95","03","Obio"
"09","95","03","Suru Suru"
"10","95","03","Wusama"
"11","95","03","Amuma"
"12","95","03","Musaik"
"13","95","03","Pasema"
"14","95","03","Hogio"
"15","95","03","Mugi"
"16","95","03","Soba"
"17","95","03","Werima"
"18","95","03","Tangma"
"19","95","03","Ukha"
"20","95","03","Panggema"
"21","95","03","Kosarek"
"22","95","03","Nipsan"
"23","95","03","Ubahak"
"24","95","03","Pronggoli"
"25","95","03","Walma"
"26","95","03","Yahuliambut"
"27","95","03","Hereapini"
"28","95","03","Ubalihi"
"29","95","03","Talambo"
"30","95","03","Puldama"
"31","95","03","Endomen"
"32","95","03","Kona"
"33","95","03","Dirwemna"
"34","95","03","Holuwon"
"35","95","03","Lolat"
"36","95","03","Soloikma"
"37","95","03","Sela"
"38","95","03","Korupun"
"39","95","03","Langda"
"40","95","03","Bomela"
"41","95","03","Suntamon"
"42","95","03","Seradala"
"43","95","03","Sobaham"
"44","95","03","Kabianggama"
"45","95","03","Kwelamdua"
"46","95","03","Kwikma"
"47","95","03","Hilipuk"
"48","95","03","Duram"
"49","95","03","Yogosem"
"50","95","03","Kayo"
"51","95","03","Sumo"
"01","95","04","Karubaga"
"02","95","04","Bokondini"
"03","95","04","Kanggime"
"04","95","04","Kembu"
"05","95","04","Goyage"
"06","95","04","Wunim"
"07","95","04","Wina"
"08","95","04","Umagi"
"09","95","04","Panaga"
"10","95","04","Woniki"
"11","95","04","Kubu"
"12","95","04","Konda/Kondaga"
"13","95","04","Nelawi"
"14","95","04","Kuari"
"15","95","04","Bokoneri"
"16","95","04","Bewani"
"17","95","04","Nabunage"
"18","95","04","Gilubandu"
"19","95","04","Nunggawi"
"20","95","04","Gundagi"
"21","95","04","Numba"
"22","95","04","Timori"
"23","95","04","Dundu"
"24","95","04","Geya"
"25","95","04","Egiam"
"26","95","04","Poganeri"
"27","95","04","Kamboneri"
"28","95","04","Airgaram"
"29","95","04","Wari/Taiyeve II"
"30","95","04","Dow"
"31","95","04","Tagineri"
"32","95","04","Yuneri"
"33","95","04","Wakuwo"
"34","95","04","Gika"
"35","95","04","Telenggeme"
"36","95","04","Anawi"
"37","95","04","Wenam"
"38","95","04","Wugi"
"39","95","04","Danime"
"40","95","04","Tagime"
"41","95","04","Kai"
"42","95","04","Aweku"
"43","95","04","Bogonuk"
"44","95","04","Li Anogomma"
"45","95","04","Biuk"
"46","95","04","Yuko"
"01","95","05","Kobakma"
"02","95","05","Kelila"
"03","95","05","Eragayam"
"04","95","05","Megambilis"
"05","95","05","Ilugwa"
"01","95","06","Elelim"
"02","95","06","Apalapsili"
"03","95","06","Abenaho"
"04","95","06","Benawa"
"05","95","06","Welarek"
"01","95","07","Tiom"
"02","95","07","Pirime"
"03","95","07","Makki"
"04","95","07","Gamelia"
"05","95","07","Dimba"
"06","95","07","Melagineri"
"07","95","07","Balingga"
"08","95","07","Tiomneri"
"09","95","07","Kuyawage"
"10","95","07","Poga"
"11","95","07","Niname"
"12","95","07","Nogi"
"13","95","07","Yiginua"
"14","95","07","Tiom Ollo"
"15","95","07","Yugungwi"
"16","95","07","Mokoni"
"17","95","07","Wereka"
"18","95","07","Milimbo"
"19","95","07","Wiringgambut"
"20","95","07","Gollo"
"21","95","07","Awina"
"22","95","07","Ayumnati"
"23","95","07","Wano Barat"
"24","95","07","Goa Balim"
"25","95","07","Bruwa"
"26","95","07","Balingga Barat"
"27","95","07","Gupura"
"28","95","07","Kolawa"
"29","95","07","Gelok Beam"
"30","95","07","Kuly Lanny"
"31","95","07","Lannyna"
"32","95","07","Karu"
"33","95","07","Yiluk"
"34","95","07","Guna"
"35","95","07","Kelulome"
"36","95","07","Nikogwe"
"37","95","07","Muara"
"38","95","07","Buguk Gona"
"39","95","07","Melagi"
"01","95","08","Kenyam"
"02","95","08","Mapenduma"
"03","95","08","Yigi"
"04","95","08","Wosak"
"05","95","08","Geselma"
"06","95","08","Mugi"
"07","95","08","Mbuwa"
"08","95","08","Gearek"
"09","95","08","Koroptak"
"10","95","08","Kegayem"
"11","95","08","Paro"
"12","95","08","Mebarok"
"13","95","08","Yenggelo"
"14","95","08","Kilmid"
"15","95","08","Alama"
"16","95","08","Yal"
"17","95","08","Mam"
"18","95","08","Dal"
"19","95","08","Nirkuri"
"20","95","08","Inikgal"
"21","95","08","Iniye"
"22","95","08","Mbulmu Yalma"
"23","95","08","Mbua Tengah"
"24","95","08","Embetpen"
"25","95","08","Kora"
"26","95","08","Wusi"
"27","95","08","Pija"
"28","95","08","Moba"
"29","95","08","Wutpaga"
"30","95","08","Nenggeagin"
"31","95","08","Krepkuri"
"32","95","08","Pasir Putih"
"01","96","01","Makbon"
"02","96","01","Beraur"
"03","96","01","Salawati"
"04","96","01","Seget"
"05","96","01","Aimas"
"06","96","01","Klamono"
"07","96","01","Sayosa"
"08","96","01","Segun"
"09","96","01","Mayamuk"
"10","96","01","Salawati Selatan"
"11","96","01","Klabot"
"12","96","01","Klawak"
"13","96","01","Maudus"
"14","96","01","Mariat"
"15","96","01","Klayili"
"16","96","01","Klaso"
"17","96","01","Moisegen"
"18","96","01","Sorong"
"19","96","01","Bagun"
"20","96","01","Wemak"
"21","96","01","Sunook"
"22","96","01","Buk"
"23","96","01","Saengkeduk"
"24","96","01","Malabotom"
"25","96","01","Konhir"
"26","96","01","Klasafet"
"27","96","01","Hobard"
"28","96","01","Salawati Tengah"
"29","96","01","Botain"
"30","96","01","Sayosa Timur"
"01","96","02","Teminabuan"
"02","96","02","Inanwatan"
"03","96","02","Sawiat"
"04","96","02","Kokoda"
"05","96","02","Moswaren"
"06","96","02","Seremuk"
"07","96","02","Wayer"
"08","96","02","Kais"
"09","96","02","Konda"
"10","96","02","Matemani"
"11","96","02","Kokoda Utara"
"12","96","02","Saifi"
"13","96","02","Fokour"
"14","96","02","Salkma"
"15","96","02","Kais Darat"
"01","96","03","Misool (Misool Utara)"
"02","96","03","Waigeo Utara"
"03","96","03","Waigeo Selatan"
"04","96","03","Salawati Utara"
"05","96","03","Ayau"
"06","96","03","Misool Timur"
"07","96","03","Waigeo Barat"
"08","96","03","Waigeo Timur"
"09","96","03","Teluk Mayalibit"
"10","96","03","Kofiau"
"11","96","03","Meos Mansar"
"12","96","03","Misool Selatan"
"13","96","03","Warwarbomi"
"14","96","03","Waigeo Barat Kepulauan"
"15","96","03","Misool Barat"
"16","96","03","Kepulauan Sembilan"
"17","96","03","Kota Waisai"
"18","96","03","Tiplol Mayalibit"
"19","96","03","Batanta Utara"
"20","96","03","Salawati Barat"
"21","96","03","Salawati Tengah"
"22","96","03","Supnin"
"23","96","03","Kepulauan Ayau"
"24","96","03","Batanta Selatan"
"01","96","04","Fef"
"02","96","04","Miyah"
"03","96","04","Yembun"
"04","96","04","Kwoor"
"05","96","04","Sausapor"
"06","96","04","Abun"
"07","96","04","Syujak"
"08","96","04","Moraid"
"09","96","04","Kebar"
"10","96","04","Amberbaken"
"11","96","04","Senopi"
"12","96","04","Mubrani"
"13","96","04","Bikar"
"14","96","04","Bamusbama"
"15","96","04","Ases"
"16","96","04","Miyah Selatan"
"17","96","04","Ireres"
"18","96","04","Tobouw"
"19","96","04","Wilhem Roumbouts"
"20","96","04","Tinggouw"
"21","96","04","Kwesefo"
"22","96","04","Mawabuan"
"23","96","04","Kebar Timur"
"24","96","04","Kebar Selatan"
"25","96","04","Manekar"
"26","96","04","Mpur"
"27","96","04","Amberbaken Barat"
"28","96","04","Kasi"
"29","96","04","Selemkai"
"01","96","05","Aifat"
"02","96","05","Aifat Utara"
"03","96","05","Aifat Timur"
"04","96","05","Aifat Selatan"
"05","96","05","Aitinyo Barat"
"06","96","05","Aitinyo"
"07","96","05","Aitinyo Utara"
"08","96","05","Ayamaru"
"09","96","05","Ayamaru Utara"
"10","96","05","Ayamaru Timur"
"11","96","05","Mare"
"12","96","05","Aifat Timur Tengah"
"13","96","05","Aifat Timur Jauh"
"14","96","05","Aifat Timur Selatan"
"15","96","05","Ayamaru Selatan"
"16","96","05","Ayamaru Jaya"
"17","96","05","Ayamaru Selatan Jaya"
"18","96","05","Ayamaru Timur Selatan"
"19","96","05","Ayamaru Utara Timur"
"20","96","05","Ayamaru Tengah"
"21","96","05","Ayamaru Barat"
"22","96","05","Aitinyo Tengah"
"23","96","05","Aitinyo Raya"
"24","96","05","Mare Selatan"
"01","96","71","Sorong"
"02","96","71","Sorong Timur"
"03","96","71","Sorong Barat"
"04","96","71","Sorong Kepulauan"
"05","96","71","Sorong Utara"
"06","96","71","Sorong Manoi"
"07","96","71","Sorong Kota"
"08","96","71","Klaurung"
"09","96","71","Malaimsimsa"
"10","96","71","Maladum Mes"